Town,Town Code,Local Public Schools,Academic Regional Schools,Vocational Technical Regional Schools,Collaboratives,Charter Schools,Out-of-District Public Schools,Home Schooled,In State Private and Parochial Schools,Out-of-state Private and Parochial Schools,Total,Total Public,% Public,End of School Year
Abington,10000,2053,0,102,30,49,47,29,123,0,2433,2281,93.8,2023
Acton,20000,0,4112,86,17,33,40,22,147,0,4457,4288,96.2,2023
Acushnet,30000,911,0,167,7,2,289,20,72,0,1468,1376,93.7,2023
Adams (non-op),40000,0,704,132,0,46,73,3,37,0,995,955,96.0,2023
Agawam,50000,3195,0,0,9,67,74,97,131,8,3581,3345,93.4,2023
Alford (non-op),60000,0,12,0,0,0,8,10,6,0,36,20,55.6,2023
Amesbury,70000,1684,0,127,14,98,51,42,15,8,2039,1974,96.8,2023
Amherst,80000,903,904,0,0,150,82,35,196,0,2270,2039,89.8,2023
Andover,90000,5423,0,59,7,14,14,36,966,0,6519,5517,84.60000000000001,2023
Aquinnah (non-op),1040000,0,51,0,0,7,0,1,1,1,61,58,95.10000000000001,2023
Arlington,100000,5907,0,224,21,25,9,36,663,0,6885,6186,89.9,2023
Ashburnham (non-op),110000,0,967,67,4,6,34,27,13,0,1118,1078,96.4,2023
Ashby (non-op),120000,0,374,37,4,3,11,44,25,3,501,429,85.60000000000001,2023
Ashfield (non-op),130000,0,98,13,0,7,21,17,6,0,162,139,85.8,2023
Ashland,140000,2792,0,59,12,2,25,35,132,2,3059,2890,94.5,2023
Athol (non-op),150000,0,1398,108,9,3,216,90,32,0,1856,1734,93.4,2023
Attleboro,160000,5787,0,16,20,266,109,133,377,31,6739,6198,92.0,2023
Auburn,170000,2431,0,110,6,4,37,20,83,2,2693,2588,96.10000000000001,2023
Avon,180000,535,0,50,1,13,9,4,51,0,663,608,91.7,2023
Ayer,190000,0,844,70,15,25,82,20,40,1,1097,1036,94.4,2023
Barnstable,200000,4665,0,183,27,331,93,66,590,0,5955,5299,89.0,2023
Barre (non-op),210000,0,669,38,4,5,23,40,13,0,792,739,93.3,2023
Becket (non-op),220000,0,123,14,0,2,64,11,14,0,228,203,89.0,2023
Bedford,230000,2506,0,37,10,1,4,24,63,1,2646,2558,96.7,2023
Belchertown,240000,1946,0,115,0,41,123,48,32,0,2305,2225,96.5,2023
Bellingham,250000,1912,0,109,23,172,101,54,54,48,2473,2317,93.7,2023
Belmont,260000,4336,0,26,52,6,18,18,545,3,5004,4438,88.7,2023
Berkley,270000,797,234,85,4,0,36,23,23,1,1203,1156,96.10000000000001,2023
Berlin,280000,0,349,45,3,14,19,5,24,0,459,430,93.7,2023
Bernardston (non-op),290000,0,6,24,0,9,6,3,13,8,69,45,65.2,2023
Beverly,300000,4262,0,170,18,4,52,84,553,32,5175,4506,87.10000000000001,2023
Billerica,310000,4739,0,463,49,64,37,81,3,0,5436,5352,98.5,2023
Blackstone (non-op),320000,0,8,81,0,46,87,19,1,0,242,222,91.7,2023
Blandford (non-op),330000,0,69,13,0,0,11,6,12,0,111,93,83.8,2023
Bolton (non-op),340000,0,981,33,0,12,26,24,39,0,1115,1052,94.4,2023
Boston,350000,45538,0,0,32,10125,2789,273,6797,12,65566,58484,89.2,2023
Bourne,360000,1509,0,187,7,113,156,50,30,0,2052,1972,96.10000000000001,2023
Boxborough,370000,0,847,6,0,9,8,14,19,0,903,870,96.4,2023
Boxford,380000,688,573,22,10,1,24,28,201,3,1550,1318,85.0,2023
Boylston,390000,0,591,22,3,8,14,15,52,0,705,638,90.5,2023
Braintree,400000,5104,0,154,36,19,47,28,536,0,5924,5360,90.5,2023
Brewster,410000,395,469,57,3,62,47,25,29,0,1087,1033,95.0,2023
Bridgewater (non-op),420000,0,3274,148,3,12,77,70,68,2,3654,3514,96.2,2023
Brimfield,430000,257,164,63,0,5,16,29,8,0,542,505,93.2,2023
Brockton,440000,13650,0,945,22,1521,373,137,545,0,17193,16511,96.0,2023
Brookfield,450000,201,143,64,2,8,9,16,5,0,448,427,95.3,2023
Brookline,460000,6309,0,0,4,1,9,42,1449,28,7842,6323,80.60000000000001,2023
Buckland (non-op),470000,0,160,18,0,5,14,13,14,0,224,197,88.0,2023
Burlington,480000,3274,0,133,19,3,29,32,237,2,3729,3458,92.7,2023
Cambridge,490000,6160,0,1,15,484,19,65,1483,1,8228,6679,81.2,2023
Canton,500000,3122,0,89,28,8,0,20,284,2,3553,3247,91.4,2023
Carlisle,510000,587,295,2,1,0,0,22,92,1,1000,885,88.5,2023
Carver,520000,1473,0,95,9,63,11,41,42,12,1746,1651,94.60000000000001,2023
Charlemont (non-op),530000,0,72,8,0,4,39,5,6,0,134,123,91.8,2023
Charlton (non-op),540000,0,1690,211,6,14,33,49,72,10,2085,1954,93.7,2023
Chatham,550000,0,353,13,3,10,13,4,9,0,405,392,96.8,2023
Chelmsford,560000,4920,0,212,24,96,50,44,119,15,5480,5302,96.8,2023
Chelsea,570000,5914,0,240,118,915,44,9,38,0,7278,7231,99.4,2023
Cheshire (non-op),580000,0,201,48,0,24,56,8,33,0,370,329,88.9,2023
Chester (non-op),590000,0,111,6,0,1,6,5,0,0,129,124,96.10000000000001,2023
Chesterfield (non-op),600000,0,75,0,0,1,24,8,1,0,109,100,91.7,2023
Chicopee,610000,6492,0,0,0,364,319,110,403,1,7689,7175,93.3,2023
Chilmark (non-op),620000,0,103,0,0,12,1,4,11,0,131,116,88.60000000000001,2023
Clarksburg,630000,123,0,51,0,3,36,7,0,0,220,213,96.8,2023
Clinton,640000,1726,0,64,11,78,82,28,173,2,2164,1961,90.60000000000001,2023
Cohasset,650000,1323,0,11,7,11,2,11,260,4,1629,1354,83.10000000000001,2023
Colrain (non-op),660000,0,113,20,0,5,22,15,8,0,183,160,87.4,2023
Concord,670000,1792,939,36,5,4,2,33,447,11,3269,2778,85.0,2023
Conway,680000,61,70,11,1,9,12,9,27,1,201,164,81.60000000000001,2023
Cummington (non-op),690000,0,14,6,0,1,27,14,13,0,75,48,64.0,2023
Dalton (non-op),700000,0,798,9,0,21,47,16,48,0,939,875,93.2,2023
Danvers,710000,3074,0,246,29,23,55,34,358,3,3822,3427,89.7,2023
Dartmouth,720000,3104,0,323,0,6,56,80,335,24,3928,3489,88.8,2023
Dedham,730000,2428,0,100,13,32,35,38,488,0,3134,2608,83.2,2023
Deerfield,740000,280,201,28,3,22,11,31,86,0,662,545,82.3,2023
Dennis (non-op),750000,0,782,76,15,56,146,30,49,0,1154,1075,93.2,2023
Devens (non-op),3520000,0,0,2,7,9,82,0,2,0,102,100,98.0,2023
Dighton (non-op),760000,0,1074,132,9,2,33,38,74,33,1395,1250,89.60000000000001,2023
Douglas,770000,1033,0,129,0,0,61,81,78,19,1401,1223,87.3,2023
Dover,780000,483,599,4,1,0,7,3,129,2,1228,1094,89.10000000000001,2023
Dracut,790000,3492,0,438,27,264,70,55,493,17,4856,4291,88.4,2023
Dudley (non-op),800000,0,1498,131,4,3,29,36,51,17,1769,1665,94.10000000000001,2023
Dunstable (non-op),810000,0,510,12,4,4,8,26,24,12,600,538,89.7,2023
Duxbury,820000,2759,0,7,7,14,12,18,154,2,2973,2799,94.2,2023
East Bridgewater,830000,1897,0,97,10,16,59,36,74,0,2189,2079,95.0,2023
East Brookfield (non-op),840000,0,170,19,2,14,79,8,6,0,298,284,95.3,2023
East Longmeadow,870000,2464,0,1,3,10,29,34,56,4,2601,2507,96.4,2023
Eastham,850000,184,211,22,3,12,40,7,6,0,485,472,97.3,2023
Easthampton,860000,1271,0,0,0,92,154,34,105,0,1656,1517,91.60000000000001,2023
Easton,880000,3332,0,81,11,19,36,32,106,0,3617,3479,96.2,2023
Edgartown,890000,400,178,0,0,33,16,4,20,6,657,627,95.4,2023
Egremont (non-op),900000,0,54,0,0,0,30,6,20,0,110,84,76.4,2023
Erving,910000,100,0,26,0,2,79,7,9,1,224,207,92.4,2023
Essex (non-op),920000,0,462,20,5,0,7,12,83,4,593,494,83.3,2023
Everett,930000,7126,0,1,21,778,19,2,197,0,8144,7945,97.60000000000001,2023
Fairhaven,940000,1788,0,175,11,5,75,25,108,0,2187,2054,93.9,2023
Fall River,950000,10304,0,1103,93,1903,30,121,1081,11,14646,13433,91.7,2023
Falmouth,960000,2770,0,179,24,124,81,44,168,0,3390,3178,93.8,2023
Fitchburg,970000,4816,0,326,81,242,316,145,400,0,6326,5781,91.4,2023
Florida,980000,37,0,31,0,1,9,6,0,0,84,78,92.9,2023
Foxborough,990000,2333,0,52,3,100,0,22,294,10,2814,2488,88.4,2023
Framingham,1000000,8979,0,635,157,299,94,91,166,0,10421,10164,97.5,2023
Franklin,1010000,4567,0,171,24,348,59,46,110,23,5348,5169,96.7,2023
Freetown,1020000,0,1152,47,8,4,50,35,38,3,1337,1261,94.3,2023
Gardner,1030000,2150,0,167,9,21,177,109,102,0,2735,2524,92.3,2023
Georgetown,1050000,1214,0,68,3,0,0,23,116,0,1424,1285,90.2,2023
Gill (non-op),1060000,0,84,24,0,18,0,14,8,7,155,126,81.3,2023
Gloucester,1070000,2698,0,102,46,1,212,47,148,0,3254,3059,94.0,2023
Goshen (non-op),1080000,0,82,0,0,0,17,1,5,0,105,99,94.3,2023
Gosnold,1090000,0,0,0,0,0,0,0,1,1,2,0,0.0,2023
Grafton,1100000,3029,0,96,0,11,42,39,166,0,3383,3178,93.9,2023
Granby,1110000,573,0,19,0,23,43,18,40,0,716,658,91.9,2023
Granville,1120000,0,137,0,0,0,10,6,9,1,163,147,90.2,2023
Great Barrington (non-op),1130000,0,591,0,0,0,48,14,143,15,811,639,78.8,2023
Greenfield,1140000,1254,0,118,23,114,329,119,104,17,2078,1838,88.5,2023
Groton (non-op),1150000,0,1732,41,2,37,21,37,112,30,2012,1833,91.10000000000001,2023
Groveland (non-op),1160000,0,837,34,5,9,16,14,34,1,950,901,94.8,2023
Hadley,1170000,346,0,0,0,47,56,14,44,0,507,449,88.60000000000001,2023
Halifax,1180000,568,461,0,10,14,15,22,16,0,1106,1068,96.60000000000001,2023
Hamilton (non-op),1190000,0,1030,18,2,0,11,33,271,12,1377,1061,77.10000000000001,2023
Hampden (non-op),1200000,0,437,0,0,0,4,15,25,0,481,441,91.7,2023
Hancock,1210000,30,0,12,0,0,35,6,0,0,83,77,92.8,2023
Hanover,1220000,2520,0,71,2,26,16,14,107,7,2763,2635,95.4,2023
Hanson (non-op),1230000,0,1415,86,6,25,10,29,52,0,1623,1542,95.0,2023
Hardwick (non-op),1240000,0,296,21,2,1,16,21,25,0,382,336,88.0,2023
Harvard,1250000,855,0,6,9,23,56,10,45,3,1007,949,94.2,2023
Harwich,1260000,0,1113,70,2,35,86,28,48,0,1382,1306,94.5,2023
Hatfield,1270000,229,0,28,1,12,12,0,30,0,312,282,90.4,2023
Haverhill,1280000,7180,0,894,20,390,180,131,861,19,9675,8664,89.60000000000001,2023
Hawley (non-op),1290000,0,17,4,0,0,3,1,5,0,30,24,80.0,2023
Heath (non-op),1300000,0,47,6,0,1,29,10,6,0,99,83,83.8,2023
Hingham,1310000,3680,0,0,15,8,9,8,870,0,4590,3712,80.9,2023
Hinsdale (non-op),1320000,0,159,7,0,2,10,10,15,0,203,178,87.7,2023
Holbrook,1330000,1255,0,109,11,25,0,11,105,0,1516,1400,92.4,2023
Holden (non-op),1340000,0,3141,126,13,40,51,59,252,1,3683,3371,91.5,2023
Holland,1350000,161,88,39,0,9,2,19,1,0,319,299,93.7,2023
Holliston,1360000,2711,0,0,10,0,1,22,116,0,2860,2722,95.2,2023
Holyoke,1370000,4069,0,0,0,713,338,30,262,8,5420,5120,94.5,2023
Hopedale,1380000,816,0,73,5,3,30,11,32,0,970,927,95.60000000000001,2023
Hopkinton,1390000,4068,0,24,10,3,20,18,98,1,4242,4125,97.2,2023
Hubbardston (non-op),1400000,0,501,40,2,7,19,37,11,0,617,569,92.2,2023
Hudson,1410000,2339,0,202,5,204,23,37,101,1,2912,2773,95.2,2023
Hull,1420000,729,0,0,13,19,8,14,38,0,821,769,93.7,2023
Huntington (non-op),1430000,0,234,32,0,7,27,7,3,0,310,300,96.8,2023
Ipswich,1440000,1487,0,47,0,0,18,21,95,2,1670,1552,92.9,2023
Kingston,1450000,1089,886,0,12,59,19,36,102,0,2203,2065,93.7,2023
Lakeville,1460000,0,1494,149,18,12,55,31,62,0,1821,1728,94.9,2023
Lancaster (non-op),1470000,0,955,56,0,9,40,27,50,0,1137,1060,93.2,2023
Lanesborough,1480000,0,321,28,0,4,27,9,9,0,398,380,95.5,2023
Lawrence,1490000,12690,0,1207,9,1611,9,36,999,1,16562,15526,93.7,2023
Lee,1500000,438,0,0,0,0,110,8,37,0,593,548,92.4,2023
Leicester,1510000,1226,0,0,8,22,134,32,55,0,1477,1390,94.10000000000001,2023
Lenox,1520000,428,0,0,0,0,41,4,36,0,509,469,92.10000000000001,2023
Leominster,1530000,5860,0,0,37,98,251,71,378,0,6695,6246,93.3,2023
Leverett,1540000,93,87,4,0,9,8,10,12,0,223,201,90.10000000000001,2023
Lexington,1550000,6751,0,75,30,1,22,28,775,53,7735,6879,88.9,2023
Leyden (non-op),1560000,0,7,1,0,2,3,4,13,0,30,13,43.300000000000004,2023
Lincoln,1570000,405,164,1,2,0,3,11,78,1,665,575,86.5,2023
Littleton,1580000,1545,0,44,7,48,24,17,44,0,1729,1668,96.5,2023
Longmeadow,1590000,2604,0,2,11,16,3,22,155,60,2873,2636,91.8,2023
Lowell,1600000,13558,0,1729,33,2178,211,112,893,7,18721,17709,94.60000000000001,2023
Ludlow,1610000,2100,0,14,5,28,62,35,194,3,2441,2209,90.5,2023
Lunenburg,1620000,1712,0,91,1,27,0,71,75,0,1977,1831,92.60000000000001,2023
Lynn,1630000,14496,0,0,69,1535,30,53,921,0,17104,16130,94.3,2023
Lynnfield,1640000,2107,0,35,6,0,5,20,239,1,2413,2153,89.2,2023
Malden,1650000,5976,0,163,32,640,22,55,382,0,7270,6833,94.0,2023
Manchester (non-op),1660000,0,645,13,2,0,6,8,167,9,850,666,78.4,2023
Mansfield,1670000,3342,0,103,14,51,32,47,231,19,3839,3542,92.3,2023
Marblehead,1680000,2478,0,26,13,138,14,25,555,6,3255,2669,82.0,2023
Marion,1690000,377,298,25,3,2,9,6,103,8,831,714,85.9,2023
Marlborough,1700000,4705,0,492,20,528,142,69,227,0,6183,5887,95.2,2023
Marshfield,1710000,3647,0,9,17,26,18,30,174,0,3921,3717,94.8,2023
Mashpee,1720000,1388,0,53,9,48,81,21,123,2,1725,1579,91.5,2023
Mattapoisett,1730000,385,324,43,3,0,10,5,63,2,835,765,91.60000000000001,2023
Maynard,1740000,1118,0,71,5,71,67,21,32,2,1387,1332,96.0,2023
Medfield,1750000,2475,0,9,4,2,10,21,187,1,2709,2500,92.3,2023
Medford,1760000,4059,0,0,11,425,46,44,543,0,5128,4541,88.60000000000001,2023
Medway,1770000,2069,0,93,9,16,42,23,67,4,2323,2229,96.0,2023
Melrose,1780000,3563,0,73,13,245,39,29,371,3,4336,3933,90.7,2023
Mendon (non-op),1790000,0,818,81,0,9,37,9,79,13,1046,945,90.3,2023
Merrimac (non-op),1800000,0,765,40,3,4,30,13,51,0,906,842,92.9,2023
Methuen,1810000,6334,0,421,49,151,106,107,696,36,7900,7061,89.4,2023
Middleborough,1820000,2918,0,153,15,50,99,88,64,0,3387,3235,95.5,2023
Middlefield (non-op),1830000,0,15,3,0,0,4,3,0,0,25,22,88.0,2023
Middleton,1840000,673,509,48,7,4,16,4,108,0,1369,1257,91.8,2023
Milford,1850000,4219,0,160,29,131,237,43,125,8,4952,4776,96.5,2023
Millbury,1860000,1586,0,94,15,10,63,30,61,0,1859,1768,95.10000000000001,2023
Millis,1870000,1125,0,37,4,6,39,9,65,0,1285,1211,94.2,2023
Millville (non-op),1880000,0,2,32,0,23,20,0,0,0,77,77,100.0,2023
Milton,1890000,4178,0,47,10,15,20,22,964,1,5257,4270,81.2,2023
Monroe (non-op),1900000,0,0,4,0,0,17,0,0,0,21,21,100.0,2023
Monson,1910000,678,0,82,5,41,48,26,15,0,895,854,95.4,2023
Montague (non-op),1920000,0,779,83,0,31,0,53,37,9,992,893,90.0,2023
Monterey (non-op),1930000,0,35,0,0,0,42,5,6,0,88,77,87.5,2023
Montgomery (non-op),1940000,0,54,3,0,0,11,10,5,0,83,68,81.9,2023
Mount Washington (non-op),1950000,0,0,0,0,0,5,0,0,0,5,5,100.0,2023
Nahant,1960000,113,0,9,0,9,94,0,32,0,257,225,87.60000000000001,2023
Nantucket,1970000,1655,0,0,0,0,0,7,179,1,1842,1655,89.9,2023
Natick,1980000,5177,0,49,27,16,44,30,362,0,5705,5313,93.10000000000001,2023
Needham,1990000,5195,0,34,13,8,17,16,1203,0,6486,5267,81.2,2023
New Ashford (non-op),2000000,0,0,1,0,0,16,0,0,0,17,17,100.0,2023
New Bedford,2010000,10773,0,1581,22,1558,345,298,734,0,15311,14279,93.3,2023
New Braintree (non-op),2020000,0,108,9,0,0,5,6,3,0,131,122,93.10000000000001,2023
New Marlborough (non-op),2050000,0,76,0,0,0,31,6,16,0,129,107,83.0,2023
New Salem (non-op),2060000,0,68,12,0,2,9,8,4,0,103,91,88.4,2023
Newbury (non-op),2030000,0,565,18,1,19,38,21,110,0,772,641,83.0,2023
Newburyport,2040000,2002,0,31,4,121,30,18,267,32,2505,2188,87.4,2023
Newton,2070000,11074,0,0,6,3,25,54,3229,54,14445,11108,76.9,2023
Norfolk,2080000,954,643,41,6,17,16,30,134,22,1863,1677,90.0,2023
North Adams,2090000,878,0,150,0,82,138,43,45,0,1336,1248,93.4,2023
North Andover,2110000,4242,0,56,11,11,26,35,603,9,4993,4346,87.0,2023
North Attleborough,2120000,3772,0,236,12,125,48,58,408,41,4700,4193,89.2,2023
North Brookfield,2150000,427,0,41,1,13,170,38,10,0,700,652,93.10000000000001,2023
North Reading,2170000,2301,0,44,10,0,7,12,161,0,2535,2362,93.2,2023
Northampton,2100000,2260,0,0,5,166,206,65,319,0,3021,2637,87.3,2023
Northborough,2130000,1607,750,0,1,8,79,38,105,0,2588,2445,94.5,2023
Northbridge,2140000,1759,0,141,8,4,177,71,244,2,2406,2089,86.8,2023
Northfield (non-op),2160000,0,12,41,0,16,4,37,23,5,138,73,52.9,2023
Norton,2180000,2070,0,97,14,66,37,53,103,2,2442,2284,93.5,2023
Norwell,2190000,2101,0,19,7,14,11,13,202,11,2378,2152,90.5,2023
Norwood,2200000,3364,0,107,15,72,46,35,368,0,4007,3604,89.9,2023
Oak Bluffs,2210000,373,211,0,0,35,21,13,7,1,661,640,96.8,2023
Oakham (non-op),2220000,0,217,13,2,2,9,25,2,0,270,243,90.0,2023
Orange,2230000,468,350,93,12,10,123,24,3,0,1083,1056,97.5,2023
Orleans,2240000,147,226,11,1,33,20,27,12,0,477,438,91.8,2023
Otis (non-op),2250000,0,96,4,0,0,21,8,2,0,131,121,92.4,2023
Oxford,2260000,1398,0,148,9,29,71,63,87,19,1824,1655,90.7,2023
Palmer,2270000,1080,0,185,2,22,118,61,42,4,1514,1407,92.9,2023
Paxton (non-op),2280000,0,616,33,1,8,9,11,41,0,719,667,92.8,2023
Peabody,2290000,5405,0,378,40,99,75,53,688,1,6739,5997,89.0,2023
Pelham,2300000,59,60,0,0,2,9,2,8,0,140,130,92.9,2023
Pembroke,2310000,2416,0,60,9,53,20,33,131,0,2722,2558,94.0,2023
Pepperell (non-op),2320000,0,1454,132,19,22,27,68,38,33,1793,1654,92.3,2023
Peru (non-op),2330000,0,82,10,0,1,0,4,3,0,100,93,93.0,2023
Petersham,2340000,66,30,11,1,2,32,15,9,0,166,142,85.5,2023
Phillipston (non-op),2350000,0,173,23,2,0,19,10,8,0,235,217,92.3,2023
Pittsfield,2360000,4821,0,0,0,168,579,84,145,12,5809,5568,95.9,2023
Plainfield (non-op),2370000,0,45,6,0,2,6,2,3,0,64,59,92.2,2023
Plainville,2380000,580,470,110,5,50,7,27,73,19,1341,1222,91.10000000000001,2023
Plymouth,2390000,6915,0,0,38,459,106,141,216,0,7875,7518,95.5,2023
Plympton,2400000,243,174,0,3,16,2,9,7,0,454,438,96.5,2023
Princeton (non-op),2410000,0,403,26,1,0,4,15,37,1,487,434,89.10000000000001,2023
Provincetown,2420000,59,0,10,0,0,77,0,0,0,146,146,100.0,2023
Quincy,2430000,9400,0,1,73,56,71,67,750,1,10419,9601,92.2,2023
Randolph,2440000,2585,0,273,42,368,151,22,454,0,3895,3419,87.8,2023
Raynham (non-op),2450000,0,2042,199,11,11,90,30,62,0,2445,2353,96.2,2023
Reading,2460000,3624,0,29,12,0,117,19,158,3,3962,3782,95.5,2023
Rehoboth (non-op),2470000,0,1415,100,1,0,23,45,64,189,1837,1539,83.8,2023
Revere,2480000,7187,0,261,119,553,42,5,444,0,8611,8162,94.8,2023
Richmond,2490000,68,0,0,0,0,45,0,5,0,118,113,95.8,2023
Rochester,2500000,471,318,99,2,8,9,17,43,3,970,907,93.5,2023
Rockland,2510000,1974,0,136,7,109,26,31,119,0,2402,2252,93.8,2023
Rockport,2520000,518,0,12,8,0,39,7,52,2,638,577,90.4,2023
Rowe,2530000,20,0,8,0,1,13,2,0,0,44,42,95.5,2023
Rowley (non-op),2540000,0,665,29,4,2,29,28,76,0,833,729,87.5,2023
Royalston (non-op),2550000,0,84,10,0,0,32,15,6,4,151,126,83.4,2023
Russell (non-op),2560000,0,179,19,0,0,25,22,10,0,255,223,87.5,2023
Rutland (non-op),2570000,0,1574,57,0,26,28,26,66,2,1779,1685,94.7,2023
Salem,2580000,3577,0,185,15,480,115,62,361,0,4795,4372,91.2,2023
Salisbury (non-op),2590000,0,776,51,7,18,45,18,40,0,955,897,93.9,2023
Sandisfield (non-op),2600000,0,70,0,0,0,21,4,9,0,104,91,87.5,2023
Sandwich,2610000,1953,0,148,14,188,71,62,295,1,2732,2374,86.9,2023
Saugus,2620000,2508,0,159,41,265,55,43,454,0,3525,3028,85.9,2023
Savoy,2630000,23,0,9,0,1,12,1,1,0,47,45,95.7,2023
Scituate,2640000,2684,0,35,9,17,0,24,262,0,3031,2745,90.60000000000001,2023
Seekonk,2650000,1987,0,83,10,3,34,31,48,165,2361,2117,89.7,2023
Sharon,2660000,3442,0,28,9,11,14,30,246,9,3789,3504,92.5,2023
Sheffield (non-op),2670000,0,291,0,0,0,35,11,39,0,376,326,86.7,2023
Shelburne (non-op),2680000,0,118,10,0,6,16,9,31,0,190,150,79.0,2023
Sherborn,2690000,379,526,1,4,0,2,5,54,1,972,912,93.8,2023
Shirley,2700000,0,659,42,8,24,49,30,55,3,870,782,89.9,2023
Shrewsbury,2710000,5753,0,0,2,24,82,29,403,0,6293,5861,93.10000000000001,2023
Shutesbury,2720000,87,93,3,0,4,17,7,8,0,219,204,93.2,2023
Somerset,2730000,1529,698,146,12,17,69,47,57,10,2585,2471,95.60000000000001,2023
Somerville,2740000,4439,0,0,15,401,14,35,691,0,5595,4869,87.0,2023
South Hadley,2780000,1492,0,0,0,146,136,24,108,1,1907,1774,93.0,2023
Southampton,2750000,393,285,0,2,21,89,19,29,1,839,790,94.2,2023
Southborough,2760000,1177,479,0,0,2,39,0,192,0,1889,1697,89.8,2023
Southbridge,2770000,1736,0,185,12,154,209,48,109,0,2453,2296,93.60000000000001,2023
Southwick (non-op),2790000,0,1005,0,0,4,36,55,51,5,1156,1045,90.4,2023
Spencer (non-op),2800000,0,1072,130,12,59,131,25,23,0,1452,1404,96.7,2023
Springfield,2810000,21762,0,0,6,3640,570,164,909,10,27061,25978,96.0,2023
Sterling (non-op),2820000,0,885,62,3,28,18,66,81,0,1143,996,87.10000000000001,2023
Stockbridge (non-op),2830000,0,103,0,0,0,16,7,13,1,140,119,85.0,2023
Stoneham,2840000,2172,0,78,7,164,28,24,283,0,2756,2449,88.9,2023
Stoughton,2850000,3452,0,122,16,123,53,32,191,0,3989,3766,94.4,2023
Stow (non-op),2860000,0,1027,65,0,14,18,14,61,0,1199,1124,93.7,2023
Sturbridge,2870000,815,572,165,7,28,19,54,39,0,1699,1606,94.5,2023
Sudbury,2880000,2397,1180,9,11,5,10,19,235,0,3866,3612,93.4,2023
Sunderland,2890000,125,105,9,1,4,25,14,21,0,304,269,88.5,2023
Sutton,2900000,1265,0,104,3,1,50,54,70,9,1556,1423,91.5,2023
Swampscott,2910000,1818,0,29,12,68,27,15,310,8,2287,1954,85.4,2023
Swansea,2920000,1958,0,152,11,21,30,37,76,45,2330,2172,93.2,2023
Taunton,2930000,7427,0,536,64,103,298,106,109,0,8643,8428,97.5,2023
Templeton (non-op),2940000,0,1019,82,5,2,82,49,29,0,1268,1190,93.9,2023
Tewksbury,2950000,3053,0,350,36,59,36,18,288,4,3844,3534,91.9,2023
Tisbury,2960000,247,198,0,0,46,63,3,33,2,592,554,93.60000000000001,2023
Tolland (non-op),2970000,0,26,0,0,0,9,4,0,0,39,35,89.7,2023
Topsfield,2980000,582,448,29,1,0,5,27,138,2,1232,1065,86.4,2023
Townsend (non-op),2990000,0,1095,94,17,27,24,64,36,2,1359,1257,92.5,2023
Truro,3000000,61,0,11,0,1,100,0,1,1,175,173,98.9,2023
Tyngsborough,3010000,1470,0,104,7,88,34,26,87,46,1862,1703,91.5,2023
Tyringham (non-op),3020000,0,0,0,0,0,24,0,3,0,27,24,88.9,2023
Upton (non-op),3030000,0,1105,91,2,10,33,24,62,13,1340,1241,92.60000000000001,2023
Uxbridge,3040000,1448,0,116,5,0,157,63,229,15,2033,1726,84.9,2023
Wakefield,3050000,3348,0,109,23,74,11,34,75,0,3674,3565,97.0,2023
Wales,3060000,84,88,48,1,9,23,21,2,0,276,253,91.7,2023
Walpole,3070000,3593,0,86,13,20,46,8,442,2,4210,3758,89.3,2023
Waltham,3080000,5460,0,0,0,23,110,39,728,0,6360,5593,87.9,2023
Ware,3090000,1011,0,110,0,0,402,45,22,0,1590,1523,95.8,2023
Wareham,3100000,1809,0,223,29,110,217,58,117,3,2566,2388,93.10000000000001,2023
Warren (non-op),3110000,0,563,44,4,0,44,20,6,0,681,655,96.2,2023
Warwick (non-op),3120000,0,8,6,0,2,0,15,3,0,34,16,47.1,2023
Washington (non-op),3130000,0,53,4,0,0,4,4,6,0,71,61,85.9,2023
Watertown,3140000,2528,0,28,6,47,26,43,459,0,3137,2635,84.0,2023
Wayland,3150000,2491,0,4,5,0,3,7,191,3,2704,2503,92.60000000000001,2023
Webster,3160000,1637,0,140,19,36,177,42,202,20,2273,2009,88.4,2023
Wellesley,3170000,3851,0,1,6,0,2,16,1335,6,5217,3860,74.0,2023
Wellfleet,3180000,94,125,12,4,3,35,1,0,0,274,273,99.60000000000001,2023
Wendell (non-op),3190000,0,81,8,1,9,11,7,4,0,121,110,90.9,2023
Wenham (non-op),3200000,0,526,11,0,0,5,11,156,1,710,542,76.3,2023
West Boylston,3220000,721,0,0,4,4,84,15,37,0,865,813,94.0,2023
West Bridgewater,3230000,1374,0,70,6,8,12,24,9,0,1503,1470,97.8,2023
West Brookfield (non-op),3240000,0,427,22,0,0,61,11,2,0,523,510,97.5,2023
West Newbury (non-op),3290000,0,508,14,3,19,19,10,90,0,663,563,84.9,2023
West Springfield,3320000,3812,0,0,0,104,59,126,54,0,4155,3975,95.7,2023
West Stockbridge (non-op),3330000,0,94,0,0,0,13,6,14,5,132,107,81.10000000000001,2023
West Tisbury (non-op),3340000,0,345,0,0,40,13,9,5,1,413,398,96.4,2023
Westborough,3210000,3665,0,53,2,7,39,30,153,2,3951,3766,95.3,2023
Westfield,3250000,4511,0,0,0,78,155,170,399,5,5318,4744,89.2,2023
Westford,3260000,4486,0,78,17,9,28,49,103,5,4775,4618,96.7,2023
Westhampton,3270000,73,79,0,0,3,22,1,11,0,189,177,93.7,2023
Westminster (non-op),3280000,0,1169,71,4,12,31,50,26,0,1363,1287,94.4,2023
Weston,3300000,1799,0,1,6,0,10,11,444,18,2289,1816,79.3,2023
Westport,3310000,1375,0,145,2,43,107,72,214,43,2001,1672,83.60000000000001,2023
Westwood,3350000,2842,0,17,8,0,8,7,288,0,3170,2875,90.7,2023
Weymouth,3360000,5242,0,0,47,298,99,26,581,0,6293,5686,90.4,2023
Whately,3370000,78,45,22,0,2,8,3,8,0,166,155,93.4,2023
Whitman (non-op),3380000,0,1982,150,8,31,20,32,84,0,2307,2191,95.0,2023
Wilbraham (non-op),3390000,0,2221,4,5,2,25,41,105,4,2407,2257,93.8,2023
Williamsburg,3400000,105,78,0,2,18,57,4,28,0,292,260,89.0,2023
Williamstown,3410000,0,685,16,0,7,12,19,41,6,786,720,91.60000000000001,2023
Wilmington,3420000,2767,0,323,22,6,26,35,263,1,3443,3144,91.3,2023
Winchendon,3430000,1210,0,103,22,8,101,76,21,0,1541,1444,93.7,2023
Winchester,3440000,4393,0,12,7,3,9,23,275,0,4722,4424,93.7,2023
Windsor (non-op),3450000,0,52,4,0,0,5,11,1,0,73,61,83.60000000000001,2023
Winthrop,3460000,1876,0,64,16,0,0,18,85,0,2059,1956,95.0,2023
Woburn,3470000,4127,0,119,41,41,72,56,297,0,4753,4400,92.60000000000001,2023
Worcester,3480000,23118,0,6,384,1953,329,253,1401,0,27444,25790,94.0,2023
Worthington (non-op),3490000,73,0,0,0,1,43,9,3,0,129,117,90.7,2023
Wrentham,3500000,839,718,70,6,63,9,50,121,38,1914,1705,89.10000000000001,2023
Yarmouth (non-op),3510000,0,1850,149,22,85,239,45,116,0,2506,2345,93.60000000000001,2023
State,0,693983,89047,29883,3794,44090,22209,11444,67804,1812,964066,883006,91.60000000000001,2023
Abington,10000,2045,0,85,13,24,48,11,139,0,2365,2215,93.7,2020
Acton,20000,0,4393,15,19,18,47,20,133,0,4645,4492,96.7,2020
Acushnet,30000,967,0,132,9,2,304,8,73,0,1495,1414,94.60000000000001,2020
Adams (non-op),40000,0,777,136,0,52,59,8,45,0,1077,1024,95.10000000000001,2020
Agawam,50000,3412,0,0,7,62,86,98,123,1,3789,3567,94.10000000000001,2020
Alford (non-op),60000,0,9,0,0,0,15,4,10,3,41,24,58.5,2020
Amesbury,70000,1868,0,103,16,69,77,41,27,5,2206,2133,96.7,2020
Amherst,80000,959,1009,0,0,166,70,29,94,0,2327,2204,94.7,2020
Andover,90000,5733,0,32,13,11,18,37,971,0,6815,5807,85.2,2020
Aquinnah (non-op),1040000,0,49,0,0,12,0,0,3,0,64,61,95.3,2020
Arlington,100000,5835,0,140,68,11,16,28,706,0,6804,6070,89.2,2020
Ashburnham (non-op),110000,0,976,66,4,1,22,9,27,0,1105,1069,96.7,2020
Ashby (non-op),120000,0,336,35,2,5,14,12,17,5,426,392,92.0,2020
Ashfield (non-op),130000,0,114,0,0,11,22,9,12,0,168,147,87.5,2020
Ashland,140000,2708,0,55,14,16,31,19,123,0,2966,2824,95.2,2020
Athol (non-op),150000,0,1305,107,8,4,287,72,9,0,1792,1711,95.5,2020
Attleboro,160000,6232,0,0,15,331,90,85,420,14,7187,6668,92.8,2020
Auburn,170000,2447,0,92,8,6,21,15,85,8,2682,2574,96.0,2020
Avon,180000,552,0,61,1,14,9,8,55,0,700,637,91.0,2020
Ayer,190000,0,842,56,13,34,65,27,32,2,1071,1010,94.3,2020
Barnstable,200000,4822,0,194,19,261,206,75,17,0,5594,5502,98.4,2020
Barre (non-op),210000,0,678,53,7,2,27,28,13,0,808,767,94.9,2020
Becket (non-op),220000,0,126,0,0,0,81,12,8,0,227,207,91.2,2020
Bedford,230000,2624,0,34,16,0,8,9,131,1,2823,2682,95.0,2020
Belchertown,240000,2047,0,88,2,46,132,38,79,0,2432,2315,95.2,2020
Bellingham,250000,1971,0,86,25,116,129,39,66,47,2479,2327,93.9,2020
Belmont,260000,4630,0,25,52,0,2,19,484,8,5220,4709,90.2,2020
Berkley,270000,740,266,78,5,0,27,14,27,0,1157,1116,96.5,2020
Berlin,280000,0,0,28,4,0,16,7,10,0,65,48,73.9,2020
Bernardston (non-op),290000,0,209,29,0,14,7,0,10,3,272,259,95.2,2020
Beverly,300000,4391,0,119,38,2,59,71,564,10,5254,4609,87.7,2020
Billerica,310000,4691,0,522,54,117,30,55,142,0,5611,5414,96.5,2020
Blandford (non-op),330000,0,99,0,0,0,19,17,7,0,142,118,83.10000000000001,2020
Bolton (non-op),340000,0,1002,13,0,12,21,11,51,0,1110,1048,94.4,2020
Boston,350000,50321,0,0,32,10583,3416,184,8267,8,72811,64352,88.4,2020
Bourne,360000,1691,0,165,17,130,154,39,8,0,2204,2157,97.9,2020
Boxborough,370000,0,842,0,3,7,16,12,24,0,904,868,96.0,2020
Boxford,380000,704,641,17,6,1,6,17,196,1,1589,1375,86.5,2020
Boylston,390000,0,0,0,8,0,11,11,21,0,51,19,37.300000000000004,2020
Braintree,400000,5556,0,134,29,16,32,19,461,1,6248,5767,92.3,2020
Brewster,410000,435,514,30,4,32,47,7,36,1,1106,1062,96.0,2020
Bridgewater (non-op),420000,0,3120,136,7,26,108,55,62,1,3515,3397,96.60000000000001,2020
Brimfield,430000,278,243,0,2,4,9,16,9,0,561,536,95.5,2020
Brockton,440000,15649,0,906,17,1359,336,102,493,0,18862,18267,96.9,2020
Brookfield,450000,240,225,0,0,6,12,9,3,0,495,483,97.60000000000001,2020
Brookline,460000,7051,0,0,2,1,9,17,1344,24,8448,7063,83.60000000000001,2020
Buckland (non-op),470000,0,172,8,0,7,18,6,2,0,213,205,96.2,2020
Burlington,480000,3455,0,134,25,4,4,24,237,1,3884,3622,93.3,2020
Cambridge,490000,6523,0,0,0,524,11,52,1089,0,8199,7058,86.10000000000001,2020
Canton,500000,3231,0,66,21,7,1,8,218,0,3552,3326,93.60000000000001,2020
Carlisle,510000,579,290,0,3,0,4,14,109,1,1000,876,87.60000000000001,2020
Carver,520000,1436,0,97,9,56,15,31,58,0,1702,1613,94.8,2020
Charlemont (non-op),530000,0,107,0,0,3,33,4,7,0,154,143,92.9,2020
Charlton (non-op),540000,0,1801,210,6,9,36,15,79,24,2180,2062,94.60000000000001,2020
Chatham,550000,0,370,10,0,19,33,3,22,0,457,432,94.5,2020
Chelmsford,560000,4861,0,197,38,100,47,43,128,10,5424,5243,96.7,2020
Chelsea,570000,5928,0,249,101,1015,19,7,189,0,7508,7312,97.4,2020
Cheshire (non-op),580000,0,285,48,0,27,57,9,22,0,448,417,93.10000000000001,2020
Chester (non-op),590000,0,124,0,0,0,17,5,0,0,146,141,96.60000000000001,2020
Chesterfield (non-op),600000,0,77,0,0,0,26,5,2,0,110,103,93.60000000000001,2020
Chicopee,610000,6961,0,0,0,293,268,78,389,1,7990,7522,94.10000000000001,2020
Chilmark (non-op),620000,0,100,0,0,9,2,1,6,0,118,111,94.10000000000001,2020
Clarksburg,630000,131,0,48,0,0,33,11,0,0,223,212,95.10000000000001,2020
Clinton,640000,1719,0,0,18,77,215,10,92,0,2131,2029,95.2,2020
Cohasset,650000,1413,0,8,7,7,10,10,244,5,1704,1445,84.8,2020
Colrain (non-op),660000,0,133,22,0,7,19,11,7,3,202,181,89.60000000000001,2020
Concord,670000,1918,921,25,14,4,4,39,536,9,3470,2886,83.2,2020
Conway,680000,118,81,6,1,11,15,13,25,0,270,232,85.9,2020
Cummington (non-op),690000,0,100,0,0,0,76,13,7,0,196,176,89.8,2020
Dalton (non-op),700000,0,809,0,0,15,88,15,54,0,981,912,93.0,2020
Danvers,710000,3298,0,179,17,10,53,23,285,4,3869,3557,91.9,2020
Dartmouth,720000,3315,0,346,0,12,51,40,330,4,4098,3724,90.9,2020
Dedham,730000,2547,0,84,12,18,47,29,527,0,3264,2708,83.0,2020
Deerfield,740000,348,242,22,0,23,16,12,116,0,779,651,83.60000000000001,2020
Dennis (non-op),750000,0,770,74,8,42,213,15,29,0,1151,1107,96.2,2020
Devens (non-op),3520000,0,0,0,0,7,87,5,2,0,101,94,93.10000000000001,2020
Dighton (non-op),760000,0,1162,83,4,0,30,22,32,13,1346,1279,95.0,2020
Douglas,770000,1218,0,117,0,0,69,33,111,15,1563,1404,89.8,2020
Dover,780000,473,656,1,3,0,2,0,197,3,1335,1135,85.0,2020
Dracut,790000,3666,0,444,22,245,56,15,431,41,4920,4433,90.10000000000001,2020
Dudley (non-op),800000,0,1719,125,10,3,31,31,39,9,1967,1888,96.0,2020
Dunstable (non-op),810000,0,518,19,2,3,11,15,20,19,607,553,91.10000000000001,2020
Duxbury,820000,2920,0,0,9,10,10,12,150,4,3115,2949,94.7,2020
East Bridgewater,830000,2059,0,78,13,0,70,30,50,0,2300,2220,96.5,2020
East Brookfield (non-op),840000,0,215,0,2,13,73,11,11,0,325,303,93.2,2020
East Longmeadow,870000,2586,0,0,10,7,28,27,61,5,2724,2631,96.60000000000001,2020
Eastham,850000,169,216,18,0,12,25,0,8,0,448,440,98.2,2020
Easthampton,860000,1368,0,0,0,136,203,32,132,0,1871,1707,91.2,2020
Easton,880000,3522,0,82,23,25,23,30,106,1,3812,3675,96.4,2020
Edgartown,890000,379,167,0,0,47,26,0,15,1,635,619,97.5,2020
Egremont (non-op),900000,0,55,0,0,0,24,9,9,2,99,79,79.8,2020
Erving,910000,94,0,26,0,3,96,3,8,0,230,219,95.2,2020
Essex (non-op),920000,0,2,13,2,0,8,3,56,5,89,25,28.1,2020
Everett,930000,6854,0,0,52,651,40,9,311,1,7918,7597,96.0,2020
Fairhaven,940000,1990,0,159,0,0,64,0,95,0,2308,2213,95.9,2020
Fall River,950000,10224,0,1032,46,1730,85,102,1165,65,14449,13117,90.8,2020
Falmouth,960000,3073,0,163,22,107,1,26,50,0,3442,3366,97.8,2020
Fitchburg,970000,5048,0,357,85,213,461,115,290,0,6569,6164,93.8,2020
Florida,980000,44,0,15,0,3,15,6,0,0,83,77,92.8,2020
Foxborough,990000,2424,0,50,12,108,5,14,151,16,2780,2599,93.5,2020
Framingham,1000000,8891,0,590,187,397,117,45,155,0,10382,10182,98.10000000000001,2020
Franklin,1010000,4957,0,179,21,371,29,29,123,29,5738,5557,96.9,2020
Freetown,1020000,0,1153,0,6,2,137,33,55,0,1386,1298,93.7,2020
Gardner,1030000,2105,0,183,21,24,223,58,107,0,2721,2556,93.9,2020
Georgetown,1050000,1291,0,37,0,0,18,15,83,0,1444,1346,93.2,2020
Gill (non-op),1060000,0,96,12,0,9,14,6,27,0,164,131,79.9,2020
Gloucester,1070000,2747,0,100,47,1,299,32,72,0,3298,3194,96.9,2020
Goshen (non-op),1080000,0,87,0,0,0,23,0,4,0,114,110,96.5,2020
Gosnold,1090000,0,0,0,0,0,1,0,2,0,3,1,33.3,2020
Grafton,1100000,2950,0,54,9,23,57,27,200,3,3323,3093,93.10000000000001,2020
Granby,1110000,656,0,19,1,17,8,13,53,0,767,701,91.4,2020
Granville,1120000,0,152,0,0,0,15,8,9,2,186,167,89.8,2020
Great Barrington (non-op),1130000,0,625,0,0,0,52,6,142,5,830,677,81.60000000000001,2020
Greenfield,1140000,1506,0,90,29,100,309,79,65,1,2179,2034,93.4,2020
Groton (non-op),1150000,0,1751,39,2,44,31,27,127,39,2060,1867,90.60000000000001,2020
Groveland (non-op),1160000,0,864,47,4,2,16,17,39,0,989,933,94.3,2020
Hadley,1170000,403,0,0,6,38,75,6,45,0,573,522,91.10000000000001,2020
Halifax,1180000,588,457,8,20,17,46,7,9,0,1152,1136,98.60000000000001,2020
Hamilton (non-op),1190000,0,1082,15,4,0,24,33,182,3,1343,1125,83.8,2020
Hampden (non-op),1200000,0,0,0,0,0,2,6,19,0,27,2,7.4,2020
Hancock,1210000,25,0,7,0,0,40,4,0,0,76,72,94.7,2020
Hanover,1220000,2634,0,39,8,34,18,18,110,4,2865,2733,95.4,2020
Hanson (non-op),1230000,0,1658,83,14,30,26,14,51,0,1876,1811,96.5,2020
Hardwick (non-op),1240000,0,305,22,1,1,25,13,17,0,384,354,92.2,2020
Harvard,1250000,889,0,4,6,22,7,13,61,1,1003,928,92.5,2020
Harwich,1260000,0,1165,58,7,46,122,13,31,0,1442,1398,97.0,2020
Hatfield,1270000,275,0,0,1,10,59,10,19,2,376,345,91.8,2020
Haverhill,1280000,7559,0,924,21,354,191,101,838,14,10002,9049,90.5,2020
Hawley (non-op),1290000,0,28,0,0,0,6,2,0,0,36,34,94.4,2020
Heath (non-op),1300000,0,76,6,0,2,9,6,5,0,104,93,89.4,2020
Hingham,1310000,4177,0,0,12,12,3,4,659,0,4867,4204,86.4,2020
Hinsdale (non-op),1320000,0,153,0,0,3,21,2,6,0,185,177,95.7,2020
Holbrook,1330000,1252,0,109,16,27,3,12,151,0,1570,1407,89.60000000000001,2020
Holden (non-op),1340000,0,3216,82,5,16,55,28,208,0,3610,3374,93.5,2020
Holland,1350000,152,164,0,1,5,2,14,0,0,338,324,95.9,2020
Holliston,1360000,2697,0,57,7,20,43,22,128,12,2986,2824,94.60000000000001,2020
Holyoke,1370000,4167,0,0,0,804,458,62,79,6,5576,5429,97.4,2020
Hopedale,1380000,834,0,55,7,7,62,5,22,6,998,965,96.7,2020
Hopkinton,1390000,3774,0,31,4,15,28,19,131,2,4004,3852,96.2,2020
Hubbardston (non-op),1400000,0,442,48,2,19,30,25,13,0,579,541,93.4,2020
Hudson,1410000,2584,0,222,8,136,36,27,68,0,3081,2986,96.9,2020
Hull,1420000,799,0,0,16,30,20,12,68,0,945,865,91.5,2020
Huntington (non-op),1430000,0,231,0,0,3,54,15,5,0,308,288,93.5,2020
Ipswich,1440000,1593,0,23,1,0,18,26,147,8,1816,1635,90.0,2020
Kingston,1450000,1055,914,5,29,59,13,22,123,0,2220,2075,93.5,2020
Lakeville,1460000,0,1526,125,18,10,37,22,73,0,1811,1716,94.8,2020
Lancaster (non-op),1470000,0,937,53,0,7,29,21,78,0,1125,1026,91.2,2020
Lanesborough,1480000,0,320,18,0,2,34,10,6,5,395,374,94.7,2020
Lawrence,1490000,13179,0,1254,31,1762,120,24,981,6,17357,16346,94.2,2020
Lee,1500000,487,0,0,0,0,120,9,60,0,676,607,89.8,2020
Leicester,1510000,1356,0,0,12,22,149,20,62,3,1624,1539,94.8,2020
Lenox,1520000,448,0,0,0,1,39,0,33,0,521,488,93.7,2020
Leominster,1530000,6206,0,0,39,90,48,56,403,0,6842,6383,93.3,2020
Leverett,1540000,98,85,0,0,9,8,3,15,0,218,200,91.7,2020
Lexington,1550000,7077,0,62,48,1,20,26,692,41,7967,7208,90.5,2020
Leyden (non-op),1560000,0,46,3,0,0,8,5,8,0,70,57,81.4,2020
Lincoln,1570000,416,174,0,2,0,9,5,97,0,703,601,85.5,2020
Littleton,1580000,1526,0,34,11,55,29,9,55,0,1719,1655,96.3,2020
Longmeadow,1590000,2702,0,0,13,10,1,18,135,38,2917,2726,93.5,2020
Lowell,1600000,13770,0,1707,44,1065,162,80,867,9,17704,16748,94.60000000000001,2020
Ludlow,1610000,2345,0,0,5,20,47,26,185,1,2629,2417,91.9,2020
Lunenburg,1620000,1618,0,78,0,29,121,46,39,0,1931,1846,95.60000000000001,2020
Lynn,1630000,14670,0,0,70,1827,162,48,731,1,17509,16729,95.60000000000001,2020
Lynnfield,1640000,2126,0,36,7,6,5,9,212,4,2405,2180,90.60000000000001,2020
Malden,1650000,6180,0,146,36,840,52,29,305,0,7588,7254,95.60000000000001,2020
Manchester (non-op),1660000,0,0,9,4,0,2,1,159,15,190,15,7.9,2020
Mansfield,1670000,3538,0,91,17,72,22,31,226,27,4024,3740,92.9,2020
Marlborough,1700000,4602,0,414,17,575,148,47,288,0,6091,5756,94.5,2020
Marshfield,1710000,3850,0,0,18,15,20,14,217,0,4134,3903,94.4,2020
Mashpee,1720000,1367,0,48,12,52,111,8,85,1,1684,1590,94.4,2020
Maynard,1740000,1173,0,73,4,64,60,25,40,0,1439,1374,95.5,2020
Medfield,1750000,2551,0,18,10,0,6,3,182,1,2771,2585,93.3,2020
Medford,1760000,4057,0,0,32,491,45,43,685,0,5353,4625,86.4,2020
Medway,1770000,2139,0,64,6,22,39,13,65,6,2354,2270,96.4,2020
Melrose,1780000,3538,0,50,19,249,15,15,360,2,4248,3871,91.10000000000001,2020
Mendon (non-op),1790000,0,906,73,4,4,54,4,64,18,1127,1041,92.4,2020
Merrimac (non-op),1800000,0,813,58,2,4,24,14,22,0,937,901,96.2,2020
Methuen,1810000,6726,0,289,42,128,54,42,785,7,8073,7239,89.7,2020
Middleborough,1820000,2860,0,0,22,49,354,62,99,0,3446,3285,95.3,2020
Middlefield (non-op),1830000,0,27,0,0,0,10,0,0,0,37,37,100.0,2020
Middleton,1840000,642,592,40,8,3,12,4,100,0,1401,1297,92.60000000000001,2020
Milford,1850000,4128,0,144,29,71,205,35,121,8,4741,4577,96.5,2020
Millbury,1860000,1641,0,96,20,7,42,10,45,0,1861,1806,97.0,2020
Millis,1870000,1128,0,67,7,4,44,12,83,0,1345,1250,92.9,2020
Milton,1890000,4290,0,35,10,6,35,14,882,2,5274,4376,83.0,2020
Monroe (non-op),1900000,0,0,2,0,0,7,0,0,0,9,9,100.0,2020
Monson,1910000,781,0,76,1,36,56,30,43,1,1024,950,92.8,2020
Montague (non-op),1920000,0,648,100,0,52,231,32,43,2,1108,1031,93.10000000000001,2020
Monterey (non-op),1930000,0,46,0,0,0,29,3,4,0,82,75,91.5,2020
Montgomery (non-op),1940000,0,63,0,0,0,15,5,8,0,91,78,85.7,2020
Nahant,1960000,117,0,11,0,7,120,0,47,0,302,255,84.4,2020
Nantucket,1970000,1615,0,0,0,0,0,5,157,23,1800,1615,89.7,2020
Natick,1980000,5295,0,59,3,19,60,17,529,0,5982,5436,90.9,2020
Needham,1990000,5410,0,23,21,4,13,13,1148,3,6635,5471,82.5,2020
New Bedford,2010000,12472,0,1684,34,203,415,100,955,5,15868,14808,93.3,2020
New Braintree (non-op),2020000,0,122,7,0,0,5,5,3,0,142,134,94.4,2020
New Marlborough (non-op),2050000,0,121,0,0,0,20,6,10,1,158,141,89.2,2020
New Salem (non-op),2060000,0,80,7,0,0,7,10,3,0,107,94,87.9,2020
Newbury (non-op),2030000,0,675,26,0,28,0,11,123,3,866,729,84.2,2020
Newburyport,2040000,2216,0,38,0,139,29,5,232,15,2674,2422,90.60000000000001,2020
Newton,2070000,11988,0,0,8,2,35,43,2813,41,14930,12033,80.60000000000001,2020
Norfolk,2080000,917,669,29,13,13,8,21,154,5,1829,1649,90.2,2020
North Adams,2090000,1143,0,131,0,73,122,38,33,0,1540,1469,95.4,2020
North Andover,2110000,4605,0,38,12,0,18,25,689,1,5388,4673,86.7,2020
North Attleborough,2120000,4014,0,289,10,157,51,31,435,27,5014,4521,90.2,2020
North Brookfield,2150000,531,0,47,2,8,121,22,4,0,735,709,96.5,2020
North Reading,2170000,2336,0,41,6,2,9,13,140,2,2549,2394,93.9,2020
Northampton,2100000,2428,0,0,3,169,196,66,392,2,3256,2796,85.9,2020
Northborough,2130000,1597,874,51,1,5,13,32,205,3,2781,2541,91.4,2020
Northbridge,2140000,1842,0,165,10,3,202,49,253,11,2535,2222,87.7,2020
Northfield (non-op),2160000,0,272,28,1,12,5,32,30,1,381,318,83.5,2020
Norton,2180000,2186,0,103,21,89,27,26,113,5,2570,2426,94.4,2020
Norwell,2190000,2142,0,20,9,13,10,2,189,10,2395,2194,91.60000000000001,2020
Norwood,2200000,3386,0,73,11,57,37,28,401,0,3993,3564,89.3,2020
Oak Bluffs,2210000,378,187,0,0,42,29,3,12,1,652,636,97.60000000000001,2020
Oakham (non-op),2220000,0,231,15,1,1,14,12,6,0,280,262,93.60000000000001,2020
Orange,2230000,469,414,67,9,9,133,28,2,0,1131,1101,97.4,2020
Orleans,2240000,194,216,13,2,15,6,13,5,0,464,446,96.10000000000001,2020
Otis (non-op),2250000,0,96,0,0,0,26,2,1,0,125,122,97.60000000000001,2020
Oxford,2260000,1484,0,131,8,34,95,16,113,19,1900,1752,92.2,2020
Palmer,2270000,1198,0,170,1,22,93,43,27,2,1556,1484,95.4,2020
Paxton (non-op),2280000,0,637,15,1,2,31,6,52,0,744,686,92.2,2020
Peabody,2290000,5615,0,298,38,58,93,32,685,2,6821,6102,89.5,2020
Pelham,2300000,78,56,0,0,1,14,6,3,0,158,149,94.3,2020
Pembroke,2310000,2624,0,0,12,49,106,29,133,0,2953,2791,94.5,2020
Pepperell (non-op),2320000,0,1443,128,9,16,31,52,38,31,1748,1627,93.10000000000001,2020
Peru (non-op),2330000,0,85,0,0,1,10,0,1,0,97,96,99.0,2020
Petersham,2340000,69,31,4,0,3,35,6,5,0,153,142,92.8,2020
Phillipston (non-op),2350000,0,165,19,3,1,17,18,11,0,234,205,87.60000000000001,2020
Pittsfield,2360000,5185,0,0,0,177,581,49,154,11,6157,5943,96.5,2020
Plainfield (non-op),2370000,0,48,0,0,4,12,5,3,0,72,64,88.9,2020
Plainville,2380000,646,505,91,9,45,9,12,78,13,1408,1305,92.7,2020
Plymouth,2390000,7094,0,0,24,533,92,86,275,1,8105,7743,95.5,2020
Plympton,2400000,208,194,4,3,6,12,0,10,0,437,427,97.7,2020
Princeton (non-op),2410000,0,430,28,0,1,11,21,28,0,519,470,90.60000000000001,2020
Provincetown,2420000,55,0,13,0,3,26,0,1,0,98,97,99.0,2020
Quincy,2430000,8829,0,0,62,55,46,42,913,2,9949,8992,90.4,2020
Randolph,2440000,2709,0,284,0,305,167,20,842,0,4327,3465,80.10000000000001,2020
Raynham (non-op),2450000,0,2052,185,14,20,67,37,50,4,2429,2338,96.3,2020
Reading,2460000,3978,0,31,12,0,3,19,300,0,4343,4024,92.7,2020
Rehoboth (non-op),2470000,0,1590,52,4,0,43,27,76,150,1942,1689,87.0,2020
Revere,2480000,7317,0,264,137,448,32,12,331,0,8541,8198,96.0,2020
Richmond,2490000,88,0,0,0,0,30,7,0,0,125,118,94.4,2020
Rockland,2510000,2249,0,154,9,98,31,26,92,0,2659,2541,95.60000000000001,2020
Rockport,2520000,608,0,24,3,0,37,9,47,0,728,672,92.3,2020
Rowe,2530000,23,0,0,0,0,25,0,0,0,48,48,100.0,2020
Rowley (non-op),2540000,0,751,31,0,0,0,16,62,0,860,782,90.9,2020
Royalston (non-op),2550000,0,93,13,0,1,36,5,8,4,160,143,89.4,2020
Russell (non-op),2560000,0,184,0,0,0,50,16,6,0,256,234,91.4,2020
Rutland (non-op),2570000,0,1554,50,6,5,36,25,28,0,1704,1651,96.9,2020
Salem,2580000,3977,0,184,28,492,106,35,370,0,5192,4787,92.2,2020
Salisbury (non-op),2590000,0,839,30,0,22,1,7,33,2,934,892,95.5,2020
Sandisfield (non-op),2600000,0,68,0,0,0,22,0,0,0,90,90,100.0,2020
Sandwich,2610000,2270,0,110,18,229,71,61,215,4,2978,2698,90.60000000000001,2020
Saugus,2620000,2470,0,215,0,230,12,13,532,0,3472,2927,84.3,2020
Savoy,2630000,25,0,14,0,3,24,10,2,0,78,66,84.60000000000001,2020
Scituate,2640000,2850,0,32,17,19,4,4,268,2,3196,2922,91.4,2020
Seekonk,2650000,2012,0,86,10,3,32,15,46,150,2354,2143,91.0,2020
Sharon,2660000,3530,0,16,2,5,8,23,219,12,3815,3561,93.3,2020
Sheffield (non-op),2670000,0,318,0,0,0,35,10,21,12,396,353,89.10000000000001,2020
Shelburne (non-op),2680000,0,141,14,0,13,20,3,19,0,210,188,89.5,2020
Sherborn,2690000,374,520,1,1,0,1,3,68,0,968,897,92.7,2020
Shirley,2700000,0,621,51,4,29,58,27,42,0,832,763,91.7,2020
Shrewsbury,2710000,6040,0,0,5,23,91,16,720,0,6895,6159,89.3,2020
Shutesbury,2720000,92,88,0,0,7,18,3,10,0,218,205,94.0,2020
Somerset,2730000,1659,692,127,24,20,61,24,34,17,2658,2583,97.2,2020
Somerville,2740000,4698,0,0,13,395,13,37,565,0,5721,5119,89.5,2020
South Hadley,2780000,1650,0,0,0,136,112,30,87,3,2018,1898,94.10000000000001,2020
Southampton,2750000,377,327,0,0,15,80,15,37,0,851,799,93.9,2020
Southborough,2760000,1203,510,22,0,5,10,3,233,0,1986,1750,88.10000000000001,2020
Southbridge,2770000,1775,0,195,23,118,261,36,103,0,2511,2372,94.5,2020
Southwick (non-op),2790000,0,1111,0,0,3,59,27,33,15,1248,1173,94.0,2020
Spencer (non-op),2800000,0,1042,150,17,43,141,19,44,0,1456,1393,95.7,2020
Springfield,2810000,23237,0,0,3,4260,709,92,1013,22,29336,28209,96.2,2020
Sterling (non-op),2820000,0,993,62,1,14,35,35,70,0,1210,1105,91.3,2020
Stockbridge (non-op),2830000,0,108,0,0,0,15,5,9,1,138,123,89.10000000000001,2020
Stoneham,2840000,2277,0,82,7,104,23,20,269,0,2782,2493,89.60000000000001,2020
Stoughton,2850000,3386,0,105,15,155,32,20,207,0,3920,3693,94.2,2020
Stow (non-op),2860000,0,1130,37,0,18,27,16,48,0,1276,1212,95.0,2020
Sturbridge,2870000,813,752,0,5,10,26,39,46,0,1691,1606,95.0,2020
Sudbury,2880000,2499,1224,0,2,11,33,30,165,0,3964,3769,95.10000000000001,2020
Sunderland,2890000,200,93,9,0,5,20,10,33,0,370,327,88.4,2020
Sutton,2900000,1267,0,110,4,0,21,19,60,0,1481,1402,94.7,2020
Swampscott,2910000,1962,0,32,8,45,9,16,254,4,2330,2056,88.2,2020
Swansea,2920000,2038,0,150,8,9,53,27,52,40,2377,2258,95.0,2020
Taunton,2930000,7659,0,555,48,76,169,137,213,0,8857,8507,96.10000000000001,2020
Templeton (non-op),2940000,0,976,87,7,7,107,41,32,0,1257,1184,94.2,2020
Tewksbury,2950000,3148,0,356,31,60,41,4,259,2,3901,3636,93.2,2020
Tisbury,2960000,269,178,0,0,32,53,9,28,0,569,532,93.5,2020
Tolland (non-op),2970000,0,33,0,0,0,13,1,1,0,48,46,95.8,2020
Topsfield,2980000,603,464,21,1,0,4,8,127,0,1228,1093,89.0,2020
Townsend (non-op),2990000,0,1182,80,18,35,44,32,26,6,1423,1359,95.5,2020
Truro,3000000,70,0,6,1,5,130,0,1,0,213,212,99.5,2020
Tyngsborough,3010000,1520,0,100,8,72,39,14,97,39,1889,1739,92.10000000000001,2020
Upton (non-op),3030000,0,1161,92,3,8,45,17,53,0,1379,1309,94.9,2020
Uxbridge,3040000,1500,0,117,6,0,183,49,190,11,2056,1806,87.8,2020
Wakefield,3050000,3352,0,87,9,64,12,12,173,0,3709,3524,95.0,2020
Wales,3060000,119,126,0,1,8,14,10,1,0,279,268,96.10000000000001,2020
Walpole,3070000,32,0,62,11,38,51,12,438,0,644,194,30.1,2020
Waltham,3080000,5545,0,0,0,21,92,32,582,4,6276,5658,90.2,2020
Ware,3090000,1088,0,134,0,0,199,38,15,0,1474,1421,96.4,2020
Wareham,3100000,1963,0,249,30,94,245,46,127,0,2754,2581,93.7,2020
Warren (non-op),3110000,0,655,44,3,0,15,23,4,0,744,717,96.4,2020
Warwick (non-op),3120000,0,50,6,0,0,13,12,1,0,82,69,84.2,2020
Washington (non-op),3130000,0,54,0,0,0,2,0,1,0,57,56,98.3,2020
Watertown,3140000,2526,0,0,6,6,20,31,445,0,3034,2558,84.3,2020
Wayland,3150000,2496,0,0,3,0,13,8,168,0,2688,2512,93.5,2020
Webster,3160000,1779,0,125,19,20,179,10,191,24,2347,2122,90.4,2020
Wellesley,3170000,4559,0,0,12,0,4,12,1185,5,5777,4575,79.2,2020
Wellfleet,3180000,106,145,16,2,2,15,3,0,0,289,286,99.0,2020
Wendell (non-op),3190000,0,83,12,1,6,6,4,8,0,120,108,90.0,2020
Wenham (non-op),3200000,0,606,9,3,0,18,7,105,0,748,636,85.0,2020
West Boylston,3220000,813,0,0,7,11,63,11,31,0,936,894,95.5,2020
West Bridgewater,3230000,1314,0,38,8,4,18,16,9,0,1407,1382,98.2,2020
West Brookfield (non-op),3240000,0,448,0,1,0,5,4,0,0,458,454,99.10000000000001,2020
West Newbury (non-op),3290000,0,593,10,4,22,16,5,66,1,717,645,90.0,2020
West Springfield,3320000,4096,0,0,0,0,0,48,187,4,4335,4096,94.5,2020
West Stockbridge (non-op),3330000,0,123,0,0,0,19,3,12,0,157,142,90.5,2020
West Tisbury (non-op),3340000,0,321,0,0,35,10,9,13,1,389,366,94.10000000000001,2020
Westborough,3210000,3697,0,41,5,8,26,18,139,6,3940,3777,95.9,2020
Westfield,3250000,5072,0,0,3,0,165,133,381,4,5758,5240,91.0,2020
Westford,3260000,4714,0,60,15,13,22,36,112,4,4976,4824,97.0,2020
Westhampton,3270000,88,87,0,0,6,15,5,8,1,210,196,93.3,2020
Westminster (non-op),3280000,0,1214,68,3,4,17,15,28,0,1349,1306,96.8,2020
Weston,3300000,1805,0,0,3,0,10,8,528,27,2381,1818,76.4,2020
Westport,3310000,1366,0,148,3,33,92,35,314,30,2021,1642,81.3,2020
Westwood,3350000,2921,0,6,6,1,10,7,301,0,3252,2944,90.5,2020
Weymouth,3360000,4871,0,0,85,284,59,30,787,0,6116,5299,86.60000000000001,2020
Whately,3370000,67,56,7,0,6,11,2,14,0,163,147,90.2,2020
Whitman (non-op),3380000,0,2554,156,35,26,34,17,81,0,2903,2805,96.60000000000001,2020
Wilbraham (non-op),3390000,0,0,0,0,2,18,29,146,1,196,20,10.200000000000001,2020
Williamsburg,3400000,120,90,0,0,21,57,3,30,0,321,288,89.7,2020
Williamstown,3410000,0,667,16,0,8,9,14,59,4,777,700,90.10000000000001,2020
Wilmington,3420000,3148,0,251,28,4,10,21,183,0,3645,3441,94.4,2020
Winchendon,3430000,1139,0,126,17,26,119,36,32,0,1495,1427,95.5,2020
Winchester,3440000,4591,0,10,0,0,11,15,34,408,5069,4612,91.0,2020
Windsor (non-op),3450000,0,50,0,0,1,18,6,2,0,77,69,89.60000000000001,2020
Winthrop,3460000,1923,0,47,5,7,6,3,96,0,2087,1988,95.3,2020
Woburn,3470000,4304,0,111,29,22,48,39,311,0,4864,4514,92.8,2020
Worcester,3480000,23769,0,0,406,1977,334,165,1969,0,28620,26486,92.5,2020
Worthington (non-op),3490000,55,0,0,0,0,61,13,3,0,132,116,87.9,2020
Wrentham,3500000,859,788,60,8,46,19,28,107,26,1941,1780,91.7,2020
Yarmouth (non-op),3510000,0,1880,146,11,103,282,18,166,0,2606,2422,92.9,2020
State,0,719351,88605,27045,3951,42189,24035,7802,68050,2030,983058,905176,92.10000000000001,2020
Abington,10000,2053,0,87,20,31,29,36,131,0,2387,2220,93.0,2021
Acton,20000,0,4240,58,18,24,49,55,137,0,4581,4389,95.8,2021
Acushnet,30000,915,0,141,8,0,306,52,80,0,1502,1370,91.2,2021
Adams (non-op),40000,0,724,127,0,49,57,22,46,0,1025,957,93.4,2021
Agawam,50000,3241,0,0,9,53,74,179,150,1,3707,3377,91.10000000000001,2021
Alford (non-op),60000,0,10,0,0,0,7,6,7,3,33,17,51.5,2021
Amesbury,70000,1774,0,105,1,74,106,75,90,6,2231,2060,92.3,2021
Amherst,80000,878,934,0,0,154,60,61,144,0,2231,2026,90.8,2021
Andover,90000,5474,0,57,9,13,21,53,983,0,6610,5574,84.3,2021
Aquinnah (non-op),1040000,0,55,0,0,8,0,0,2,0,65,63,96.9,2021
Arlington,100000,5626,0,169,73,12,37,106,748,0,6771,5917,87.4,2021
Ashburnham (non-op),110000,0,929,69,4,4,24,49,11,0,1090,1030,94.5,2021
Ashby (non-op),120000,0,335,37,2,6,9,43,15,5,452,389,86.10000000000001,2021
Ashfield (non-op),130000,0,98,9,0,13,26,27,12,0,185,146,78.9,2021
Ashland,140000,2652,0,65,10,14,44,52,130,0,2967,2785,93.9,2021
Athol (non-op),150000,0,1240,116,18,3,257,126,13,0,1773,1634,92.2,2021
Attleboro,160000,5548,0,31,16,322,20,138,458,29,6562,5937,90.5,2021
Auburn,170000,2435,0,106,6,8,25,37,127,6,2750,2580,93.8,2021
Avon,180000,525,0,56,1,20,12,16,46,0,676,614,90.8,2021
Ayer,190000,0,822,58,15,35,77,35,29,3,1074,1007,93.8,2021
Barnstable,200000,4495,0,179,24,327,285,216,16,0,5542,5310,95.8,2021
Barre (non-op),210000,0,658,48,8,2,26,72,9,0,823,742,90.2,2021
Becket (non-op),220000,0,126,11,0,1,63,9,8,0,218,201,92.2,2021
Bedford,230000,2573,0,39,24,1,7,24,173,1,2842,2644,93.0,2021
Belchertown,240000,1985,0,90,13,50,88,100,66,0,2392,2226,93.10000000000001,2021
Bellingham,250000,1859,0,109,17,140,120,63,36,55,2399,2245,93.60000000000001,2021
Belmont,260000,4364,0,48,41,1,17,34,497,7,5009,4471,89.3,2021
Berkley,270000,708,244,92,2,3,29,43,29,0,1150,1078,93.7,2021
Berlin,280000,0,0,63,4,0,33,34,73,0,207,100,48.300000000000004,2021
Bernardston (non-op),290000,0,8,36,0,12,8,4,13,1,82,64,78.10000000000001,2021
Beverly,300000,4251,0,113,30,7,69,167,539,3,5179,4470,86.3,2021
Billerica,310000,4502,0,502,43,0,27,104,0,0,5178,5074,98.0,2021
Blandford (non-op),330000,0,83,10,0,0,11,17,9,0,130,104,80.0,2021
Bolton (non-op),340000,0,1002,12,0,9,24,24,26,1,1098,1047,95.4,2021
Boston,350000,48370,0,0,33,10683,3260,252,7607,8,70213,62346,88.8,2021
Bourne,360000,1468,0,163,0,167,132,72,41,0,2043,1930,94.5,2021
Boxborough,370000,0,820,8,4,6,10,18,30,0,896,848,94.60000000000001,2021
Boxford,380000,660,607,25,4,2,22,69,198,3,1590,1320,83.0,2021
Braintree,400000,5132,0,127,24,17,38,40,531,1,5910,5338,90.3,2021
Brewster,410000,409,509,42,5,47,44,38,6,0,1100,1056,96.0,2021
Bridgewater (non-op),420000,0,3056,140,6,33,98,105,115,1,3554,3333,93.8,2021
Brimfield,430000,257,169,56,1,4,15,52,5,0,559,502,89.8,2021
Brockton,440000,15216,0,978,23,1411,355,185,477,0,18645,17983,96.5,2021
Brookfield,450000,208,154,68,0,7,19,10,2,0,468,456,97.4,2021
Brookline,460000,6165,0,1,4,1,20,80,1546,23,7840,6191,79.0,2021
Buckland (non-op),470000,0,145,10,0,6,16,16,5,0,198,177,89.4,2021
Burlington,480000,3258,0,143,28,9,18,47,248,7,3758,3456,92.0,2021
Cambridge,490000,6164,0,0,13,522,17,87,1223,0,8026,6716,83.7,2021
Canton,500000,3148,0,69,18,8,2,44,316,0,3605,3245,90.0,2021
Carlisle,510000,568,281,4,4,0,0,29,94,6,986,857,86.9,2021
Carver,520000,1356,0,102,11,67,16,72,42,0,1666,1552,93.2,2021
Charlemont (non-op),530000,0,92,7,0,6,22,11,2,0,140,127,90.7,2021
Charlton (non-op),540000,0,1681,212,8,18,36,80,43,18,2096,1955,93.3,2021
Chatham,550000,0,343,16,0,14,31,16,20,0,440,404,91.8,2021
Chelmsford,560000,4744,0,212,33,97,53,96,192,12,5439,5139,94.5,2021
Chelsea,570000,5810,0,241,101,1002,19,10,44,0,7227,7173,99.3,2021
Cheshire (non-op),580000,0,221,37,0,19,26,17,17,0,337,303,89.9,2021
Chester (non-op),590000,0,121,10,0,1,13,9,1,0,155,145,93.60000000000001,2021
Chesterfield (non-op),600000,0,69,0,0,0,23,4,2,0,98,92,93.9,2021
Chicopee,610000,6579,0,0,0,312,317,169,341,3,7721,7208,93.4,2021
Chilmark (non-op),620000,0,104,0,0,10,2,3,6,0,125,116,92.8,2021
Clarksburg,630000,138,0,39,0,3,47,14,0,0,241,227,94.2,2021
Clinton,640000,1693,0,0,15,87,201,34,81,2,2113,1996,94.5,2021
Cohasset,650000,1347,0,7,4,8,15,40,276,6,1703,1381,81.10000000000001,2021
Colrain (non-op),660000,0,118,23,0,4,14,27,9,0,195,159,81.5,2021
Concord,670000,1831,949,24,8,2,5,67,509,15,3410,2819,82.7,2021
Conway,680000,119,76,6,0,13,18,18,22,0,272,232,85.3,2021
Cummington (non-op),690000,0,18,4,0,3,32,23,8,0,88,57,64.8,2021
Dalton (non-op),700000,0,809,18,0,19,64,47,48,0,1005,910,90.60000000000001,2021
Danvers,710000,3167,0,200,24,10,43,62,288,4,3798,3444,90.7,2021
Dartmouth,720000,3169,0,322,0,10,59,113,330,21,4024,3560,88.5,2021
Dedham,730000,2421,0,93,16,20,45,46,535,0,3176,2595,81.7,2021
Deerfield,740000,304,240,19,0,17,25,29,97,0,731,605,82.8,2021
Dennis (non-op),750000,0,733,78,16,39,182,28,89,0,1165,1048,90.0,2021
Devens (non-op),3520000,0,0,1,2,8,88,1,2,0,102,99,97.10000000000001,2021
Dighton (non-op),760000,0,1134,99,5,0,46,48,34,25,1391,1284,92.3,2021
Douglas,770000,1127,0,131,2,3,62,70,78,12,1485,1325,89.2,2021
Dover,780000,474,628,1,3,0,3,7,196,4,1316,1109,84.3,2021
Dracut,790000,3616,0,420,36,270,79,84,450,35,4990,4421,88.60000000000001,2021
Dudley (non-op),800000,0,1498,130,7,16,23,68,38,14,1794,1674,93.3,2021
Dunstable (non-op),810000,0,503,17,2,4,13,36,19,18,612,539,88.10000000000001,2021
Duxbury,820000,2817,0,15,5,10,11,42,154,4,3058,2858,93.5,2021
East Bridgewater,830000,1961,0,82,8,0,44,54,78,0,2227,2095,94.10000000000001,2021
East Brookfield (non-op),840000,0,199,0,1,13,75,9,10,0,307,288,93.8,2021
East Longmeadow,870000,2414,0,0,4,3,25,0,68,6,2520,2446,97.10000000000001,2021
Eastham,850000,175,229,23,3,14,9,11,2,0,466,453,97.2,2021
Easthampton,860000,1315,0,0,0,119,183,58,110,0,1785,1617,90.60000000000001,2021
Easton,880000,3376,0,78,14,24,28,71,108,1,3700,3520,95.10000000000001,2021
Edgartown,890000,359,165,0,0,46,24,17,23,4,638,594,93.10000000000001,2021
Egremont (non-op),900000,0,56,0,0,0,33,3,10,1,103,89,86.4,2021
Erving,910000,92,0,27,0,3,88,7,7,0,224,210,93.8,2021
Essex (non-op),920000,0,483,14,0,0,0,0,64,3,564,497,88.10000000000001,2021
Everett,930000,6688,0,0,50,636,47,10,133,0,7564,7421,98.10000000000001,2021
Fairhaven,940000,1622,0,176,21,4,71,43,104,0,2041,1894,92.8,2021
Fall River,950000,9775,0,1452,48,1737,95,199,1181,26,14513,13107,90.3,2021
Falmouth,960000,2786,0,170,24,107,91,88,210,0,3476,3178,91.4,2021
Fitchburg,970000,4906,0,354,88,221,491,197,295,0,6552,6060,92.5,2021
Florida,980000,49,0,20,0,1,10,11,0,0,91,80,87.9,2021
Foxborough,990000,2347,0,55,12,111,7,28,159,9,2728,2532,92.8,2021
Framingham,1000000,8593,0,603,42,357,110,92,160,0,9957,9705,97.5,2021
Franklin,1010000,4698,0,174,22,363,54,63,122,32,5528,5311,96.10000000000001,2021
Freetown,1020000,0,1139,8,7,7,97,73,47,0,1378,1258,91.3,2021
Gardner,1030000,2126,0,172,16,25,234,139,89,0,2801,2573,91.9,2021
Georgetown,1050000,1166,0,48,5,9,7,46,102,1,1384,1235,89.2,2021
Gill (non-op),1060000,0,86,14,0,13,15,16,20,0,164,128,78.10000000000001,2021
Gloucester,1070000,2689,0,105,48,0,271,92,73,0,3278,3113,95.0,2021
Goshen (non-op),1080000,0,76,0,0,1,24,5,1,0,107,101,94.4,2021
Gosnold,1090000,5,0,0,0,0,0,0,0,2,7,5,71.4,2021
Grafton,1100000,2887,0,70,12,23,49,79,197,0,3317,3041,91.7,2021
Granby,1110000,578,0,20,5,22,62,29,40,0,756,687,90.9,2021
Granville,1120000,0,144,0,0,0,16,12,7,2,181,160,88.4,2021
Great Barrington (non-op),1130000,0,609,0,0,0,42,23,136,13,823,651,79.10000000000001,2021
Greenfield,1140000,1347,0,126,22,103,275,135,64,14,2086,1873,89.8,2021
Groton (non-op),1150000,0,1684,45,2,36,30,56,118,38,2009,1797,89.5,2021
Groveland (non-op),1160000,0,817,49,3,3,12,26,36,1,947,884,93.4,2021
Hadley,1170000,379,0,0,5,46,69,12,43,0,554,499,90.10000000000001,2021
Halifax,1180000,570,475,0,12,17,27,18,21,0,1140,1101,96.60000000000001,2021
Hamilton (non-op),1190000,0,1026,17,3,0,8,67,205,4,1330,1054,79.3,2021
Hampden (non-op),1200000,0,548,0,0,1,6,17,31,0,603,555,92.0,2021
Hancock,1210000,31,0,8,0,0,33,4,0,0,76,72,94.7,2021
Hanover,1220000,2611,0,57,2,37,33,29,118,5,2892,2740,94.7,2021
Hanson (non-op),1230000,0,1406,86,16,30,13,49,29,0,1629,1551,95.2,2021
Hardwick (non-op),1240000,0,304,25,0,1,26,14,21,0,391,356,91.10000000000001,2021
Harvard,1250000,897,0,3,9,27,5,41,45,0,1027,941,91.60000000000001,2021
Harwich,1260000,0,1150,52,2,47,119,49,42,0,1461,1370,93.8,2021
Hatfield,1270000,253,0,21,0,10,34,1,27,1,347,318,91.60000000000001,2021
Haverhill,1280000,7257,0,868,21,350,154,176,849,16,9691,8650,89.3,2021
Hawley (non-op),1290000,0,18,4,0,0,5,8,0,0,35,27,77.10000000000001,2021
Heath (non-op),1300000,0,61,6,0,2,16,13,7,0,105,85,81.0,2021
Hingham,1310000,3833,0,0,12,9,24,137,752,1,4768,3878,81.3,2021
Hinsdale (non-op),1320000,0,153,7,0,3,12,7,9,0,191,175,91.60000000000001,2021
Holbrook,1330000,1210,0,122,11,25,2,13,110,0,1493,1370,91.8,2021
Holden (non-op),1340000,0,3053,88,7,17,62,99,245,5,3576,3227,90.2,2021
Holland,1350000,183,89,56,2,5,8,25,0,0,368,343,93.2,2021
Holliston,1360000,2596,0,65,4,16,57,48,132,8,2926,2738,93.60000000000001,2021
Holyoke,1370000,4253,0,0,0,742,291,47,233,5,5571,5286,94.9,2021
Hopedale,1380000,848,0,51,10,7,44,13,25,3,1001,960,95.9,2021
Hopkinton,1390000,3844,0,26,9,11,23,32,81,3,4029,3913,97.10000000000001,2021
Hubbardston (non-op),1400000,0,452,41,4,0,24,50,17,0,588,521,88.60000000000001,2021
Hudson,1410000,2392,0,222,12,179,30,56,52,0,2943,2835,96.3,2021
Hull,1420000,771,0,0,9,22,15,47,52,0,916,817,89.2,2021
Huntington (non-op),1430000,0,213,27,0,4,24,21,6,0,295,268,90.9,2021
Ipswich,1440000,1518,0,38,0,0,24,47,108,8,1743,1580,90.7,2021
Kingston,1450000,1021,889,0,13,70,19,50,110,0,2172,2012,92.60000000000001,2021
Lakeville,1460000,0,1463,145,13,11,35,47,81,1,1796,1667,92.8,2021
Lancaster (non-op),1470000,0,920,57,0,7,24,55,58,1,1122,1008,89.8,2021
Lanesborough,1480000,0,320,21,0,1,35,20,6,0,403,377,93.60000000000001,2021
Lawrence,1490000,12642,0,1209,19,1793,23,37,953,2,16678,15686,94.10000000000001,2021
Lee,1500000,449,0,0,0,0,108,14,53,0,624,557,89.3,2021
Leicester,1510000,1274,0,71,11,26,43,44,42,0,1511,1425,94.3,2021
Lenox,1520000,436,0,0,0,2,60,19,30,0,547,498,91.0,2021
Leominster,1530000,6036,0,13,49,95,46,118,378,0,6735,6239,92.60000000000001,2021
Leverett,1540000,90,74,5,0,6,9,21,9,0,214,184,86.0,2021
Lexington,1550000,6624,0,70,40,5,29,54,762,46,7630,6768,88.7,2021
Leyden (non-op),1560000,0,6,1,0,0,4,16,8,0,35,11,31.400000000000002,2021
Lincoln,1570000,405,182,8,2,0,6,19,95,0,717,603,84.10000000000001,2021
Littleton,1580000,1444,0,37,11,49,27,37,53,4,1662,1568,94.3,2021
Longmeadow,1590000,2596,0,1,11,20,4,50,142,54,2878,2632,91.5,2021
Lowell,1600000,13493,0,3548,13,1047,226,112,572,8,19019,18327,96.4,2021
Ludlow,1610000,2249,0,13,6,24,30,73,198,1,2594,2322,89.5,2021
Lunenburg,1620000,1541,0,80,0,34,0,109,75,0,1839,1655,90.0,2021
Lynn,1630000,15160,0,58,82,1853,153,72,502,0,17880,17306,96.8,2021
Lynnfield,1640000,2105,0,46,4,1,2,30,199,1,2388,2158,90.4,2021
Malden,1650000,5864,0,153,33,807,41,48,294,0,7240,6898,95.3,2021
Manchester (non-op),1660000,0,743,11,4,0,0,0,144,8,910,758,83.3,2021
Mansfield,1670000,3410,0,94,18,82,20,62,206,31,3923,3624,92.4,2021
Marblehead,1680000,2537,0,38,3,115,16,48,270,3,3030,2709,89.4,2021
Marion,1690000,374,323,21,4,2,6,28,114,3,875,730,83.4,2021
Marlborough,1700000,4478,0,412,15,494,105,77,194,0,5775,5504,95.3,2021
Marshfield,1710000,3684,0,13,16,26,30,49,185,0,4003,3769,94.2,2021
Mashpee,1720000,1306,0,44,9,58,119,46,92,1,1675,1536,91.7,2021
Mattapoisett,1730000,376,361,46,2,1,3,21,59,3,872,789,90.5,2021
Maynard,1740000,1098,0,74,8,78,65,56,37,0,1416,1323,93.4,2021
Medfield,1750000,2470,0,18,3,0,7,32,177,4,2711,2498,92.10000000000001,2021
Medford,1760000,3870,0,0,23,482,35,108,648,0,5166,4410,85.4,2021
Medway,1770000,34,0,74,7,24,35,38,64,5,281,174,61.9,2021
Melrose,1780000,3369,0,45,18,277,19,60,428,2,4218,3728,88.4,2021
Mendon (non-op),1790000,0,883,70,1,4,38,16,70,10,1092,996,91.2,2021
Merrimac (non-op),1800000,0,757,59,3,7,18,24,39,0,907,844,93.10000000000001,2021
Methuen,1810000,6424,0,327,39,138,81,118,734,8,7869,7009,89.10000000000001,2021
Middleborough,1820000,2831,0,212,25,65,70,134,84,0,3421,3203,93.60000000000001,2021
Middlefield (non-op),1830000,0,20,3,0,0,5,2,0,0,30,28,93.3,2021
Middleton,1840000,615,580,47,4,6,9,21,85,1,1368,1261,92.2,2021
Milford,1850000,3987,0,149,33,92,239,65,128,13,4706,4500,95.60000000000001,2021
Millbury,1860000,1494,0,95,14,7,70,36,20,0,1736,1680,96.8,2021
Millis,1870000,1115,0,59,5,5,46,15,76,0,1321,1230,93.10000000000001,2021
Milton,1890000,4228,0,42,8,5,7,40,939,1,5270,4290,81.4,2021
Monroe (non-op),1900000,0,0,3,0,0,15,0,0,0,18,18,100.0,2021
Monson,1910000,801,0,72,1,0,94,33,30,0,1031,968,93.9,2021
Montague (non-op),1920000,0,583,103,1,56,196,64,32,2,1037,939,90.60000000000001,2021
Monterey (non-op),1930000,0,52,0,0,0,32,7,4,0,95,84,88.4,2021
Montgomery (non-op),1940000,0,59,4,0,0,9,11,6,0,89,72,80.9,2021
Nahant,1960000,237,0,11,0,8,0,0,45,0,301,256,85.10000000000001,2021
Nantucket,1970000,1583,0,0,0,0,0,15,172,0,1770,1583,89.4,2021
Natick,1980000,5059,0,58,3,28,71,65,503,0,5787,5219,90.2,2021
Needham,1990000,5193,0,27,19,3,22,50,1169,2,6485,5264,81.2,2021
New Ashford (non-op),2000000,0,0,1,0,0,20,0,0,0,21,21,100.0,2021
New Bedford,2010000,12416,0,1604,30,1292,293,211,831,2,16679,15635,93.7,2021
New Braintree (non-op),2020000,0,109,11,0,0,7,12,3,0,142,127,89.4,2021
New Marlborough (non-op),2050000,0,97,0,0,0,27,11,11,0,146,124,84.9,2021
New Salem (non-op),2060000,0,77,9,0,0,9,15,6,0,116,95,81.9,2021
Newbury (non-op),2030000,0,592,19,0,21,30,11,88,2,763,662,86.8,2021
Newburyport,2040000,2132,0,32,0,139,26,47,214,13,2603,2329,89.5,2021
Newton,2070000,11246,0,0,8,5,44,170,3279,23,14775,11303,76.5,2021
Norfolk,2080000,935,646,23,15,20,24,42,129,8,1842,1663,90.3,2021
North Adams,2090000,1004,0,159,0,70,129,65,52,0,1479,1362,92.10000000000001,2021
North Andover,2110000,4504,0,52,13,8,34,43,672,2,5328,4611,86.5,2021
North Attleborough,2120000,3780,0,254,13,149,49,72,424,31,4772,4245,89.0,2021
North Brookfield,2150000,534,0,35,1,12,109,53,5,1,750,691,92.10000000000001,2021
North Reading,2170000,2260,0,42,8,2,5,15,147,2,2481,2317,93.4,2021
Northampton,2100000,2365,0,0,4,167,183,128,381,1,3229,2719,84.2,2021
Northborough,2130000,1533,860,60,0,5,23,62,182,3,2728,2481,91.0,2021
Northbridge,2140000,1772,0,165,10,3,205,94,231,6,2486,2155,86.7,2021
Northfield (non-op),2160000,0,10,27,1,11,5,57,30,5,146,54,37.0,2021
Norton,2180000,2133,0,111,19,83,29,53,115,2,2545,2375,93.3,2021
Norwell,2190000,2155,0,22,7,17,12,27,179,5,2424,2213,91.3,2021
Norwood,2200000,3326,0,95,13,66,39,50,401,0,3990,3539,88.7,2021
Oak Bluffs,2210000,371,185,0,0,35,28,18,10,2,649,619,95.4,2021
Oakham (non-op),2220000,0,227,13,1,1,10,24,8,0,284,252,88.7,2021
Orange,2230000,452,399,76,0,9,116,44,0,0,1096,1052,96.0,2021
Orleans,2240000,171,195,15,2,26,8,42,1,0,460,417,90.7,2021
Otis (non-op),2250000,0,90,3,0,0,21,11,0,0,125,114,91.2,2021
Oxford,2260000,1380,0,135,5,28,104,52,107,18,1829,1652,90.3,2021
Palmer,2270000,1121,0,186,1,25,114,58,28,3,1536,1447,94.2,2021
Paxton (non-op),2280000,0,604,20,1,5,27,17,46,0,720,657,91.3,2021
Peabody,2290000,5516,0,305,37,76,64,60,704,2,6764,5998,88.7,2021
Pelham,2300000,65,52,0,0,1,10,8,7,0,143,128,89.5,2021
Pembroke,2310000,2538,0,0,11,59,102,55,139,0,2904,2710,93.3,2021
Pepperell (non-op),2320000,0,1362,109,9,17,34,110,41,34,1716,1531,89.2,2021
Peru (non-op),2330000,0,85,9,0,1,1,2,4,0,102,96,94.10000000000001,2021
Petersham,2340000,61,33,4,0,2,27,11,7,0,145,127,87.60000000000001,2021
Phillipston (non-op),2350000,0,157,18,2,3,15,31,9,0,235,195,83.0,2021
Pittsfield,2360000,4943,0,2,0,193,574,112,140,12,5976,5712,95.60000000000001,2021
Plainfield (non-op),2370000,0,40,4,0,2,5,10,4,0,65,51,78.5,2021
Plainville,2380000,583,511,83,9,53,10,37,70,13,1369,1249,91.2,2021
Plymouth,2390000,6889,0,0,32,502,91,202,257,2,7975,7514,94.2,2021
Plympton,2400000,204,190,0,3,11,9,13,12,0,442,417,94.3,2021
Princeton (non-op),2410000,0,397,30,0,0,8,41,31,0,507,435,85.8,2021
Provincetown,2420000,58,0,11,0,4,4,0,0,0,77,77,100.0,2021
Quincy,2430000,8713,0,0,66,58,51,52,774,2,9716,8888,91.5,2021
Randolph,2440000,2632,0,280,21,478,112,17,504,0,4044,3523,87.10000000000001,2021
Raynham (non-op),2450000,0,2038,165,11,22,74,39,54,3,2406,2310,96.0,2021
Reading,2460000,3806,0,42,12,0,9,36,340,1,4246,3869,91.10000000000001,2021
Rehoboth (non-op),2470000,0,1482,70,2,0,42,62,78,192,1928,1596,82.8,2021
Revere,2480000,7059,0,261,119,500,39,8,350,0,8336,7978,95.7,2021
Richmond,2490000,73,0,0,0,0,29,13,9,0,124,102,82.3,2021
Rochester,2500000,456,342,90,1,3,3,56,37,4,992,895,90.2,2021
Rockland,2510000,2169,0,150,0,111,102,46,88,0,2666,2532,95.0,2021
Rockport,2520000,549,0,26,6,0,28,33,51,0,693,609,87.9,2021
Rowe,2530000,20,0,5,0,0,22,0,0,0,47,47,100.0,2021
Rowley (non-op),2540000,0,633,25,0,0,35,15,64,0,772,693,89.8,2021
Royalston (non-op),2550000,0,92,12,0,1,35,14,5,4,163,140,85.9,2021
Russell (non-op),2560000,0,177,24,0,0,16,19,7,0,243,217,89.3,2021
Rutland (non-op),2570000,0,1456,60,2,3,51,69,49,0,1690,1572,93.0,2021
Salem,2580000,3605,0,196,14,473,107,57,339,0,4791,4395,91.7,2021
Salisbury (non-op),2590000,0,774,35,0,23,13,9,34,2,890,845,94.9,2021
Sandisfield (non-op),2600000,0,68,0,0,0,21,6,0,0,95,89,93.7,2021
Sandwich,2610000,2257,0,129,19,222,83,160,201,0,3071,2710,88.2,2021
Saugus,2620000,2456,0,168,0,219,33,0,0,0,2876,2876,100.0,2021
Savoy,2630000,23,0,5,0,3,18,14,1,0,64,49,76.60000000000001,2021
Scituate,2640000,2799,0,30,16,26,4,40,228,0,3143,2875,91.5,2021
Seekonk,2650000,2001,0,80,12,3,31,34,47,156,2364,2127,90.0,2021
Sharon,2660000,3411,0,17,3,19,18,94,228,5,3795,3468,91.4,2021
Sheffield (non-op),2670000,0,315,0,0,0,33,25,24,9,406,348,85.7,2021
Shelburne (non-op),2680000,0,119,16,0,9,19,16,22,0,201,163,81.10000000000001,2021
Sherborn,2690000,384,520,2,2,0,0,15,51,2,976,908,93.0,2021
Shirley,2700000,0,627,54,6,26,57,35,44,1,850,770,90.60000000000001,2021
Shrewsbury,2710000,5917,0,0,14,34,36,41,565,0,6607,6001,90.8,2021
Shutesbury,2720000,79,97,2,0,9,12,12,8,0,219,199,90.9,2021
Somerset,2730000,1547,691,137,33,16,61,88,43,12,2628,2485,94.60000000000001,2021
Somerville,2740000,4274,0,0,10,374,23,62,511,0,5254,4681,89.10000000000001,2021
Southampton,2750000,371,314,0,0,11,92,43,41,0,872,788,90.4,2021
Southborough,2760000,1133,495,26,0,5,23,27,213,0,1922,1682,87.5,2021
Southbridge,2770000,1778,0,190,14,128,242,56,109,0,2517,2352,93.4,2021
Southwick (non-op),2790000,0,1038,0,0,2,40,68,39,9,1196,1080,90.3,2021
Spencer (non-op),2800000,0,1022,139,15,47,139,25,55,0,1442,1362,94.5,2021
Springfield,2810000,22827,0,0,14,4434,649,221,872,25,29042,27924,96.2,2021
Sterling (non-op),2820000,0,896,64,1,18,28,82,73,0,1162,1007,86.7,2021
Stockbridge (non-op),2830000,0,108,0,0,0,15,8,22,1,154,123,79.9,2021
Stoneham,2840000,2180,0,72,10,117,31,47,275,0,2732,2410,88.2,2021
Stoughton,2850000,3299,0,102,17,158,46,30,209,0,3861,3622,93.8,2021
Stow (non-op),2860000,0,1067,44,0,17,24,29,43,0,1224,1152,94.10000000000001,2021
Sturbridge,2870000,762,627,141,6,13,29,61,47,0,1686,1578,93.60000000000001,2021
Sudbury,2880000,2505,1210,0,5,12,20,45,164,0,3961,3752,94.7,2021
Sunderland,2890000,167,119,8,0,4,39,19,29,0,385,337,87.5,2021
Sutton,2900000,1193,0,120,3,0,21,60,42,0,1439,1337,92.9,2021
Swampscott,2910000,1901,0,35,6,54,11,26,260,9,2302,2007,87.2,2021
Swansea,2920000,1971,0,141,6,13,32,61,86,45,2355,2163,91.9,2021
Taunton,2930000,6888,0,539,70,98,234,129,117,0,8075,7829,97.0,2021
Templeton (non-op),2940000,0,931,87,7,10,92,68,31,0,1226,1127,91.9,2021
Tewksbury,2950000,3073,0,365,27,53,50,37,309,5,3919,3568,91.0,2021
Tisbury,2960000,251,189,0,0,32,44,14,32,2,564,516,91.5,2021
Tolland (non-op),2970000,0,28,0,0,0,10,5,1,0,44,38,86.4,2021
Topsfield,2980000,545,473,25,2,0,8,41,116,1,1211,1053,87.0,2021
Townsend (non-op),2990000,0,1127,78,18,34,38,79,25,5,1404,1295,92.2,2021
Truro,3000000,72,0,5,1,4,116,0,1,0,199,198,99.5,2021
Tyngsborough,3010000,1498,0,94,9,81,30,36,100,40,1888,1712,90.7,2021
Tyringham (non-op),3020000,0,0,0,0,0,31,0,5,0,36,31,86.10000000000001,2021
Upton (non-op),3030000,0,1113,87,3,10,35,36,57,3,1344,1248,92.9,2021
Uxbridge,3040000,1440,0,127,6,1,167,103,182,8,2034,1741,85.60000000000001,2021
Wakefield,3050000,3335,0,94,5,62,17,38,52,1,3604,3513,97.5,2021
Wales,3060000,111,87,49,1,9,8,20,1,0,286,265,92.7,2021
Walpole,3070000,3595,0,82,9,33,48,34,449,1,4251,3767,88.60000000000001,2021
Waltham,3080000,5269,0,0,0,16,97,66,665,3,6116,5382,88.0,2021
Ware,3090000,1051,0,108,0,0,160,55,18,0,1392,1319,94.8,2021
Wareham,3100000,1829,0,238,21,103,235,89,126,0,2641,2426,91.9,2021
Warren (non-op),3110000,0,587,38,4,0,44,47,4,0,724,673,93.0,2021
Warwick (non-op),3120000,0,7,6,0,1,2,17,2,0,35,16,45.7,2021
Washington (non-op),3130000,0,54,0,0,0,5,2,1,0,62,59,95.2,2021
Watertown,3140000,2404,0,50,5,6,20,66,445,0,2996,2485,82.9,2021
Wayland,3150000,2498,0,0,2,0,16,12,155,5,2688,2516,93.60000000000001,2021
Webster,3160000,1600,0,138,12,24,95,57,151,22,2099,1869,89.0,2021
Wellesley,3170000,4118,0,0,13,0,3,74,1228,2,5438,4134,76.0,2021
Wellfleet,3180000,102,144,15,2,3,7,12,0,0,285,273,95.8,2021
Wendell (non-op),3190000,0,83,8,1,5,7,15,6,0,125,104,83.2,2021
Wenham (non-op),3200000,0,531,9,3,0,9,29,141,1,723,552,76.4,2021
West Boylston,3220000,744,0,0,7,7,37,31,39,0,865,795,91.9,2021
West Bridgewater,3230000,1352,0,49,6,9,27,31,15,0,1489,1443,96.9,2021
West Brookfield (non-op),3240000,0,382,31,0,0,59,25,0,0,497,472,95.0,2021
West Newbury (non-op),3290000,0,528,11,4,22,6,23,74,1,669,571,85.4,2021
West Springfield,3320000,3895,0,0,0,0,0,93,193,6,4187,3895,93.0,2021
West Stockbridge (non-op),3330000,0,107,0,0,0,16,11,12,1,147,123,83.7,2021
West Tisbury (non-op),3340000,0,315,0,0,27,15,19,11,0,387,357,92.3,2021
Westborough,3210000,3685,0,44,3,11,31,55,131,6,3966,3774,95.2,2021
Westfield,3250000,4649,0,0,1,74,185,212,345,5,5471,4909,89.7,2021
Westford,3260000,4552,0,70,13,15,32,83,125,8,4898,4682,95.60000000000001,2021
Westhampton,3270000,75,80,0,0,4,27,10,10,0,206,186,90.3,2021
Westminster (non-op),3280000,0,1137,80,1,9,29,75,22,1,1354,1256,92.8,2021
Weston,3300000,1701,0,2,2,0,14,28,460,15,2222,1719,77.4,2021
Westport,3310000,1316,0,149,2,36,101,91,279,33,2007,1604,79.9,2021
Westwood,3350000,2862,0,6,9,0,15,11,289,0,3192,2892,90.60000000000001,2021
Weymouth,3360000,5266,0,1,47,280,84,80,698,0,6456,5678,88.0,2021
Whately,3370000,72,48,11,0,4,48,3,18,0,204,183,89.7,2021
Whitman (non-op),3380000,0,2143,141,17,24,41,45,66,2,2479,2366,95.4,2021
Wilbraham (non-op),3390000,0,2086,0,3,1,22,80,156,2,2350,2112,89.9,2021
Williamsburg,3400000,104,80,0,1,12,72,18,36,0,323,269,83.3,2021
Williamstown,3410000,0,619,16,0,8,5,41,62,10,761,648,85.2,2021
Wilmington,3420000,2863,0,287,20,5,24,77,233,2,3511,3199,91.10000000000001,2021
Winchendon,3430000,1122,0,113,16,27,93,99,29,0,1499,1371,91.5,2021
Winchester,3440000,4375,0,0,10,0,0,44,434,0,4863,4385,90.2,2021
Windsor (non-op),3450000,0,50,4,0,1,11,8,1,0,75,66,88.0,2021
Winthrop,3460000,1807,0,0,0,0,0,0,9,0,1816,1807,99.5,2021
Woburn,3470000,4147,0,137,37,28,41,80,308,0,4778,4390,91.9,2021
Worcester,3480000,22962,0,4,364,1962,327,339,1533,0,27491,25619,93.2,2021
Worthington (non-op),3490000,45,0,0,0,0,57,0,2,0,104,102,98.10000000000001,2021
Wrentham,3500000,826,782,55,8,54,21,47,84,31,1908,1746,91.5,2021
Yarmouth (non-op),3510000,0,1819,164,16,99,236,64,141,0,2539,2334,91.9,2021
State,0,695858,88211,31027,3610,44026,22645,17127,66253,1686,970443,885377,91.2,2021
Abington,10000,2058,0,97,26,32,36,32,132,0,2413,2249,93.2,2022
Acton,20000,0,4207,78,15,31,45,20,154,0,4550,4376,96.2,2022
Acushnet,30000,886,0,143,7,3,295,27,83,0,1444,1334,92.4,2022
Adams (non-op),40000,0,692,135,0,47,89,17,48,0,1028,963,93.7,2022
Agawam,50000,3191,0,0,10,71,58,121,157,3,3611,3330,92.2,2022
Alford (non-op),60000,0,12,0,0,0,7,7,10,0,36,19,52.800000000000004,2022
Amesbury,70000,1667,0,115,14,76,52,53,138,17,2132,1924,90.2,2022
Amherst,80000,922,926,0,0,146,76,37,71,0,2178,2070,95.0,2022
Andover,90000,5361,0,59,8,14,12,0,1031,0,6485,5454,84.10000000000001,2022
Aquinnah (non-op),1040000,0,50,0,0,6,0,0,1,1,58,56,96.60000000000001,2022
Arlington,100000,5809,0,202,61,18,30,50,703,0,6873,6120,89.0,2022
Ashburnham (non-op),110000,0,974,66,4,5,32,26,17,0,1124,1081,96.2,2022
Ashby (non-op),120000,0,370,34,3,6,12,39,16,3,483,425,88.0,2022
Ashfield (non-op),130000,0,93,9,0,8,35,19,8,0,172,145,84.3,2022
Ashland,140000,2795,0,61,8,1,21,24,125,0,3035,2886,95.10000000000001,2022
Athol (non-op),150000,0,1361,112,25,3,230,114,15,1,1861,1731,93.0,2022
Attleboro,160000,5682,0,44,16,303,17,151,417,24,6654,6062,91.10000000000001,2022
Auburn,170000,2459,0,123,7,7,29,20,97,4,2746,2625,95.60000000000001,2022
Avon,180000,539,0,48,1,9,11,8,50,0,666,608,91.3,2022
Ayer,190000,0,16,60,15,26,74,22,33,2,248,191,77.0,2022
Barnstable,200000,4776,0,168,24,303,108,133,544,0,6056,5379,88.8,2022
Barre (non-op),210000,0,697,45,8,3,14,44,12,0,823,767,93.2,2022
Becket (non-op),220000,0,123,11,0,2,57,10,10,0,213,193,90.60000000000001,2022
Bedford,230000,2519,0,45,15,5,18,34,112,2,2750,2602,94.60000000000001,2022
Belchertown,240000,1942,0,116,13,50,88,71,23,0,2303,2209,95.9,2022
Bellingham,250000,1844,0,88,18,162,125,56,53,53,2399,2237,93.3,2022
Belmont,260000,4293,0,35,44,0,8,18,538,2,4938,4380,88.7,2022
Berkley,270000,698,239,83,2,2,36,27,26,0,1113,1060,95.2,2022
Berlin,280000,0,332,37,3,9,16,11,23,0,431,397,92.10000000000001,2022
Bernardston (non-op),290000,0,79,25,0,12,12,3,11,2,144,128,88.9,2022
Beverly,300000,4243,0,140,21,5,76,105,500,1,5091,4485,88.10000000000001,2022
Billerica,310000,4620,0,483,48,58,29,86,11,0,5335,5238,98.2,2022
Blackstone (non-op),320000,0,89,98,0,38,0,26,9,0,260,225,86.5,2022
Blandford (non-op),330000,0,75,0,0,0,20,15,11,0,121,95,78.5,2022
Bolton (non-op),340000,0,993,25,0,11,27,21,39,1,1117,1056,94.5,2022
Boston,350000,46564,0,0,33,10541,3052,287,7655,8,68140,60190,88.3,2022
Bourne,360000,1507,0,170,4,125,149,59,24,1,2039,1955,95.9,2022
Boxborough,370000,0,800,9,2,9,16,9,21,0,866,836,96.5,2022
Boxford,380000,708,610,25,5,1,16,18,206,2,1591,1365,85.8,2022
Boylston,390000,0,574,29,3,5,14,17,50,0,692,625,90.3,2022
Braintree,400000,5174,0,145,32,14,50,32,503,0,5950,5415,91.0,2022
Brewster,410000,410,488,60,3,57,50,26,2,0,1096,1068,97.5,2022
Bridgewater (non-op),420000,0,3363,155,3,11,86,82,92,0,3792,3618,95.4,2022
Brimfield,430000,245,169,61,11,5,22,30,6,0,549,513,93.4,2022
Brockton,440000,14721,0,953,21,1479,272,207,539,0,18192,17446,95.9,2022
Brookfield,450000,217,143,73,2,8,12,27,2,0,484,455,94.0,2022
Brookline,460000,6222,0,0,3,0,11,54,1523,22,7835,6236,79.60000000000001,2022
Buckland (non-op),470000,0,153,19,0,7,23,12,7,0,221,202,91.4,2022
Burlington,480000,3286,0,136,26,6,29,33,244,3,3763,3483,92.60000000000001,2022
Cambridge,490000,6111,0,0,15,518,18,57,1307,0,8026,6662,83.0,2022
Canton,500000,3162,0,81,47,7,0,27,238,2,3564,3297,92.5,2022
Carlisle,510000,602,280,3,1,0,0,23,95,7,1011,886,87.60000000000001,2022
Carver,520000,1462,0,89,10,68,19,51,53,0,1752,1648,94.10000000000001,2022
Charlemont (non-op),530000,0,82,7,0,3,42,6,1,0,141,134,95.0,2022
Charlton (non-op),540000,0,1758,205,7,7,23,63,77,17,2157,2000,92.7,2022
Chatham,550000,0,351,13,1,14,25,8,14,0,426,404,94.8,2022
Chelmsford,560000,4817,0,196,32,105,45,59,165,14,5433,5195,95.60000000000001,2022
Chelsea,570000,5842,0,244,103,946,23,7,38,0,7203,7158,99.4,2022
Cheshire (non-op),580000,0,218,34,0,22,60,8,27,0,369,334,90.5,2022
Chester (non-op),590000,0,106,0,0,1,14,9,2,0,132,121,91.7,2022
Chesterfield (non-op),600000,0,70,0,0,1,6,10,1,0,88,77,87.5,2022
Chicopee,610000,6395,0,0,0,342,271,228,426,2,7664,7008,91.4,2022
Chilmark (non-op),620000,0,99,0,0,10,1,2,8,0,120,110,91.7,2022
Clarksburg,630000,130,0,49,0,3,42,12,1,0,237,224,94.5,2022
Clinton,640000,1729,0,0,13,86,174,21,66,2,2091,2002,95.7,2022
Cohasset,650000,1335,0,8,7,10,8,12,262,4,1646,1368,83.10000000000001,2022
Colrain (non-op),660000,0,127,26,0,3,15,13,10,0,194,171,88.10000000000001,2022
Concord,670000,1826,954,32,0,7,3,48,450,8,3328,2822,84.8,2022
Conway,680000,127,72,11,0,13,10,12,24,0,269,233,86.60000000000001,2022
Cummington (non-op),690000,0,14,5,0,2,35,19,8,0,83,56,67.5,2022
Dalton (non-op),700000,0,798,16,0,20,42,26,48,0,950,876,92.2,2022
Danvers,710000,3098,0,231,27,13,48,34,336,5,3792,3417,90.10000000000001,2022
Dartmouth,720000,3132,0,335,0,7,55,89,361,22,4001,3529,88.2,2022
Dedham,730000,2410,0,105,15,30,39,35,511,0,3145,2599,82.60000000000001,2022
Deerfield,740000,302,207,31,2,23,11,33,94,2,705,576,81.7,2022
Dennis (non-op),750000,0,725,78,18,54,161,24,50,0,1110,1036,93.3,2022
Devens (non-op),3520000,0,0,2,4,9,90,1,2,0,108,105,97.2,2022
Dighton (non-op),760000,0,1087,104,4,0,59,36,35,24,1349,1254,93.0,2022
Douglas,770000,1136,0,131,0,0,63,75,98,8,1511,1330,88.0,2022
Dover,780000,492,625,3,0,0,1,1,194,2,1318,1121,85.10000000000001,2022
Dracut,790000,3575,0,388,21,274,72,57,454,39,4880,4330,88.7,2022
Dudley (non-op),800000,0,1546,129,8,3,15,58,48,16,1823,1701,93.3,2022
Dunstable (non-op),810000,0,507,16,2,4,6,28,27,17,607,535,88.10000000000001,2022
Duxbury,820000,2760,0,10,4,2,10,18,163,2,2969,2786,93.8,2022
East Bridgewater,830000,1947,0,93,7,0,54,39,87,0,2227,2101,94.3,2022
East Brookfield (non-op),840000,0,173,2,1,13,61,12,4,0,266,250,94.0,2022
East Longmeadow,870000,2464,0,0,6,4,28,55,70,3,2630,2502,95.10000000000001,2022
Eastham,850000,177,203,19,2,16,39,4,2,0,462,456,98.7,2022
Easthampton,860000,1236,0,0,0,121,181,46,154,0,1738,1538,88.5,2022
Easton,880000,3378,0,91,16,22,32,48,96,0,3683,3539,96.10000000000001,2022
Edgartown,890000,396,166,0,0,37,16,7,23,6,651,615,94.5,2022
Egremont (non-op),900000,0,48,0,0,0,32,14,9,0,103,80,77.7,2022
Erving,910000,104,0,28,0,2,78,7,6,1,226,212,93.8,2022
Essex (non-op),920000,0,467,16,3,0,10,8,81,2,587,496,84.5,2022
Everett,930000,7003,0,4,15,638,35,16,151,0,7862,7695,97.9,2022
Fairhaven,940000,1828,0,169,13,3,72,22,107,0,2214,2085,94.2,2022
Fall River,950000,10011,0,1499,119,1843,7,153,1148,16,14796,13479,91.10000000000001,2022
Falmouth,960000,2772,0,189,24,122,83,58,207,0,3455,3190,92.3,2022
Fitchburg,970000,4902,0,340,78,238,507,182,332,0,6579,6065,92.2,2022
Florida,980000,51,0,24,0,1,10,6,1,0,93,86,92.5,2022
Foxborough,990000,2342,0,61,6,104,35,30,122,11,2711,2548,94.0,2022
Framingham,1000000,8969,0,634,164,343,130,91,182,0,10513,10240,97.4,2022
Franklin,1010000,4634,0,162,24,326,70,60,132,33,5441,5216,95.9,2022
Freetown,1020000,0,1169,15,7,3,91,47,45,0,1377,1285,93.3,2022
Gardner,1030000,2185,0,172,13,15,212,108,111,0,2816,2597,92.2,2022
Georgetown,1050000,1166,0,44,5,4,26,23,118,1,1387,1245,89.8,2022
Gill (non-op),1060000,0,83,17,0,20,17,12,23,9,181,137,75.7,2022
Gloucester,1070000,2762,0,100,31,2,246,59,87,0,3287,3141,95.60000000000001,2022
Goshen (non-op),1080000,0,85,0,0,1,14,0,4,0,104,100,96.2,2022
Gosnold,1090000,0,0,0,0,0,1,0,0,0,1,1,100.0,2022
Grafton,1100000,3025,0,91,13,20,55,48,158,5,3415,3204,93.8,2022
Granby,1110000,583,0,19,5,19,49,25,45,0,745,675,90.60000000000001,2022
Granville,1120000,0,131,0,0,0,23,14,6,2,176,154,87.5,2022
Great Barrington (non-op),1130000,0,605,0,0,0,46,13,153,20,837,651,77.8,2022
Greenfield,1140000,1341,0,118,24,94,268,87,84,24,2040,1845,90.4,2022
Groton (non-op),1150000,0,1742,45,1,38,23,41,110,35,2035,1849,90.9,2022
Groveland (non-op),1160000,0,832,51,5,5,9,15,28,1,946,902,95.4,2022
Hadley,1170000,354,0,0,2,49,63,14,46,0,528,468,88.60000000000001,2022
Halifax,1180000,568,462,0,11,15,27,26,12,0,1121,1083,96.60000000000001,2022
Hamilton (non-op),1190000,0,1066,19,0,0,7,28,205,0,1325,1092,82.4,2022
Hampden (non-op),1200000,0,523,2,1,1,0,11,35,0,573,527,92.0,2022
Hancock,1210000,31,0,8,0,0,39,8,0,0,86,78,90.7,2022
Hanover,1220000,2508,0,64,3,26,22,14,131,8,2776,2623,94.5,2022
Hanson (non-op),1230000,0,1388,84,6,29,14,37,67,0,1625,1521,93.60000000000001,2022
Hardwick (non-op),1240000,0,307,19,1,1,17,18,19,0,382,345,90.3,2022
Harvard,1250000,860,0,7,11,27,5,17,38,9,974,910,93.4,2022
Harwich,1260000,0,1121,72,3,51,94,33,32,0,1406,1341,95.4,2022
Hatfield,1270000,239,0,0,1,8,55,13,33,2,351,303,86.3,2022
Haverhill,1280000,7184,0,902,19,386,177,140,838,16,9662,8668,89.7,2022
Hawley (non-op),1290000,0,16,4,0,0,6,4,0,0,30,26,86.7,2022
Heath (non-op),1300000,0,62,9,0,2,16,9,6,0,104,89,85.60000000000001,2022
Hingham,1310000,3740,0,0,12,12,13,9,887,0,4673,3777,80.8,2022
Hinsdale (non-op),1320000,0,159,6,0,3,11,9,13,0,201,179,89.10000000000001,2022
Holbrook,1330000,1253,0,119,0,29,0,12,89,0,1502,1401,93.3,2022
Holden (non-op),1340000,0,3130,81,6,18,34,58,169,5,3501,3269,93.4,2022
Holland,1350000,160,92,43,1,8,10,20,1,0,335,314,93.7,2022
Holliston,1360000,2657,0,71,2,14,44,29,9,0,2826,2788,98.7,2022
Holyoke,1370000,4176,0,0,0,685,402,52,227,5,5547,5263,94.9,2022
Hopedale,1380000,843,0,56,9,4,33,11,28,0,984,945,96.0,2022
Hopkinton,1390000,3944,0,25,10,8,22,19,91,2,4121,4009,97.3,2022
Hubbardston (non-op),1400000,0,472,44,4,8,15,40,13,0,596,543,91.10000000000001,2022
Hudson,1410000,2205,0,199,10,201,29,42,91,1,2778,2644,95.2,2022
Hull,1420000,753,0,0,10,18,10,17,46,0,854,791,92.60000000000001,2022
Huntington (non-op),1430000,0,221,0,0,4,58,17,5,0,305,283,92.8,2022
Ipswich,1440000,1532,0,40,0,0,21,31,122,5,1751,1593,91.0,2022
Kingston,1450000,1038,879,0,11,63,21,41,99,0,2152,2012,93.5,2022
Lakeville,1460000,0,1480,148,12,10,55,39,80,0,1824,1705,93.5,2022
Lancaster (non-op),1470000,0,949,53,0,7,35,41,60,1,1146,1044,91.10000000000001,2022
Lanesborough,1480000,0,319,23,0,1,28,19,8,0,398,371,93.2,2022
Lawrence,1490000,12538,0,1229,9,1740,49,32,964,2,16563,15565,94.0,2022
Lee,1500000,437,0,0,0,0,103,8,63,0,611,540,88.4,2022
Leicester,1510000,1269,0,0,7,21,130,45,52,0,1524,1427,93.60000000000001,2022
Lenox,1520000,410,0,8,0,0,34,7,16,0,475,452,95.2,2022
Leominster,1530000,5917,0,0,42,107,263,95,378,0,6802,6329,93.10000000000001,2022
Leverett,1540000,95,79,7,0,8,13,7,11,0,220,202,91.8,2022
Lexington,1550000,6716,0,66,34,2,25,35,799,34,7711,6843,88.7,2022
Leyden (non-op),1560000,0,10,0,0,0,10,6,12,0,38,20,52.6,2022
Lincoln,1570000,427,168,3,2,0,3,12,83,0,698,603,86.4,2022
Littleton,1580000,1510,0,42,12,51,23,14,48,0,1700,1638,96.4,2022
Longmeadow,1590000,2654,0,1,8,12,3,26,165,43,2912,2678,92.0,2022
Lowell,1600000,13577,0,1739,50,1058,179,110,870,10,17593,16603,94.4,2022
Ludlow,1610000,2215,0,10,2,16,61,39,198,2,2543,2304,90.60000000000001,2022
Lunenburg,1620000,1561,0,90,0,28,77,77,83,0,1916,1756,91.7,2022
Lynn,1630000,14509,0,0,67,1708,254,62,1081,0,17681,16538,93.5,2022
Lynnfield,1640000,2096,0,41,5,0,7,24,197,2,2372,2149,90.60000000000001,2022
Malden,1650000,6073,0,166,34,702,41,57,328,0,7401,7016,94.8,2022
Manchester (non-op),1660000,0,670,13,3,0,5,8,156,9,864,691,80.0,2022
Mansfield,1670000,3346,0,93,16,84,18,53,248,27,3885,3557,91.60000000000001,2022
Marblehead,1680000,2457,0,34,6,113,7,33,481,3,3134,2617,83.5,2022
Marion,1690000,383,305,24,4,0,2,7,81,2,808,718,88.9,2022
Marlborough,1700000,4711,0,443,18,496,135,69,226,0,6098,5803,95.2,2022
Marshfield,1710000,3686,0,10,15,25,22,39,200,0,3997,3758,94.0,2022
Mashpee,1720000,1404,0,47,14,56,72,28,73,1,1695,1593,94.0,2022
Mattapoisett,1730000,399,349,51,3,0,4,10,52,1,869,806,92.8,2022
Maynard,1740000,1134,0,65,8,73,81,30,34,0,1425,1361,95.5,2022
Medfield,1750000,2485,0,11,1,6,7,14,186,0,2710,2510,92.60000000000001,2022
Medford,1760000,3929,0,0,12,463,70,82,491,0,5047,4474,88.7,2022
Medway,1770000,0,0,71,6,17,37,29,54,5,219,131,59.800000000000004,2022
Melrose,1780000,3608,0,64,16,240,9,30,391,1,4359,3937,90.3,2022
Mendon (non-op),1790000,0,875,78,1,5,31,10,74,12,1086,990,91.2,2022
Merrimac (non-op),1800000,0,752,57,4,8,19,17,26,0,883,840,95.10000000000001,2022
Methuen,1810000,6303,0,368,125,167,69,109,595,33,7769,7032,90.5,2022
Middleborough,1820000,2977,0,171,23,52,126,107,5,0,3461,3349,96.8,2022
Middlefield (non-op),1830000,0,12,0,0,0,6,4,0,0,22,18,81.8,2022
Middleton,1840000,654,550,49,4,3,6,13,77,0,1356,1266,93.4,2022
Milford,1850000,4158,0,157,28,114,238,59,139,11,4904,4695,95.7,2022
Millbury,1860000,1588,0,103,6,2,50,36,64,0,1849,1749,94.60000000000001,2022
Millis,1870000,1127,0,51,5,5,39,18,69,0,1314,1227,93.4,2022
Millville (non-op),1880000,0,23,37,0,23,0,7,15,0,105,83,79.10000000000001,2022
Milton,1890000,4231,0,38,8,7,10,18,956,1,5269,4294,81.5,2022
Monroe (non-op),1900000,0,0,3,0,0,22,0,0,0,25,25,100.0,2022
Monson,1910000,726,0,71,3,40,46,44,23,0,953,886,93.0,2022
Montague (non-op),1920000,0,592,91,0,57,213,61,32,12,1058,953,90.10000000000001,2022
Monterey (non-op),1930000,0,48,0,0,0,39,6,6,0,99,87,87.9,2022
Montgomery (non-op),1940000,0,49,0,0,0,13,12,7,0,81,62,76.5,2022
Mount Washington (non-op),1950000,0,0,0,0,0,5,0,0,0,5,5,100.0,2022
Nahant,1960000,128,0,11,0,9,91,0,39,0,278,239,86.0,2022
Nantucket,1970000,1635,0,0,0,0,0,6,194,0,1835,1635,89.10000000000001,2022
Natick,1980000,5153,0,58,21,25,57,34,441,1,5790,5314,91.8,2022
Needham,1990000,5216,0,31,13,4,20,18,1241,3,6546,5284,80.7,2022
New Ashford (non-op),2000000,0,0,1,0,0,19,0,0,0,20,20,100.0,2022
New Bedford,2010000,10894,0,1471,40,1430,312,161,834,3,15145,14147,93.4,2022
New Braintree (non-op),2020000,0,111,9,0,0,5,6,5,0,136,125,91.9,2022
New Marlborough (non-op),2050000,0,81,0,0,0,30,4,14,0,129,111,86.10000000000001,2022
New Salem (non-op),2060000,0,67,13,0,0,10,10,4,0,104,90,86.5,2022
Newbury (non-op),2030000,0,590,18,0,19,35,9,108,0,779,662,85.0,2022
Newburyport,2040000,2062,0,35,0,131,37,23,225,15,2528,2265,89.60000000000001,2022
Newton,2070000,11249,0,7,6,0,30,76,2795,16,14179,11292,79.60000000000001,2022
Norfolk,2080000,972,611,39,7,15,19,30,131,16,1840,1663,90.4,2022
North Adams,2090000,1086,0,162,0,67,140,54,53,0,1562,1455,93.2,2022
North Andover,2110000,0,0,53,9,9,26,40,620,5,762,97,12.700000000000001,2022
North Attleborough,2120000,3822,0,251,7,136,59,57,431,37,4800,4275,89.10000000000001,2022
North Brookfield,2150000,449,0,37,2,15,156,32,9,2,702,659,93.9,2022
North Reading,2170000,2266,0,39,11,2,8,14,141,1,2482,2326,93.7,2022
Northampton,2100000,2340,0,0,4,168,203,88,355,2,3160,2715,85.9,2022
Northborough,2130000,1558,769,63,4,8,16,47,191,3,2659,2418,90.9,2022
Northbridge,2140000,1791,0,150,8,5,173,81,243,0,2451,2127,86.8,2022
Northfield (non-op),2160000,0,113,30,2,12,17,26,26,4,230,174,75.7,2022
Norton,2180000,2083,0,103,13,69,32,52,93,5,2450,2300,93.9,2022
Norwell,2190000,2121,0,29,5,15,11,12,199,3,2395,2181,91.10000000000001,2022
Norwood,2200000,3346,0,103,14,68,50,40,400,0,4021,3581,89.10000000000001,2022
Oak Bluffs,2210000,385,207,0,0,40,25,13,10,0,680,657,96.60000000000001,2022
Oakham (non-op),2220000,0,214,13,1,1,4,32,5,0,270,233,86.3,2022
Orange,2230000,467,359,86,5,10,112,52,0,0,1091,1039,95.2,2022
Orleans,2240000,162,223,13,1,33,11,30,3,0,476,443,93.10000000000001,2022
Otis (non-op),2250000,0,102,3,0,0,0,7,1,0,113,105,92.9,2022
Oxford,2260000,1391,0,142,7,31,94,47,100,18,1830,1665,91.0,2022
Palmer,2270000,1131,0,181,0,24,110,59,44,2,1551,1446,93.2,2022
Paxton (non-op),2280000,0,605,28,1,5,20,15,27,1,702,659,93.9,2022
Peabody,2290000,5461,0,351,35,87,79,54,687,2,6756,6013,89.0,2022
Pelham,2300000,60,56,0,0,2,12,3,4,0,137,130,94.9,2022
Pembroke,2310000,2478,0,0,11,63,107,37,131,0,2827,2659,94.10000000000001,2022
Pepperell (non-op),2320000,0,1388,121,14,19,30,80,33,38,1723,1572,91.2,2022
Peru (non-op),2330000,0,82,10,0,1,0,3,2,0,98,93,94.9,2022
Petersham,2340000,58,35,9,1,2,34,12,4,0,155,139,89.7,2022
Phillipston (non-op),2350000,0,162,21,2,3,13,21,11,0,233,201,86.3,2022
Pittsfield,2360000,4901,0,0,0,178,563,89,149,13,5893,5642,95.7,2022
Plainfield (non-op),2370000,0,37,5,0,2,13,4,1,2,64,57,89.10000000000001,2022
Plainville,2380000,594,497,84,7,61,4,27,87,18,1379,1247,90.4,2022
Plymouth,2390000,6927,0,0,40,473,103,149,233,1,7926,7543,95.2,2022
Plympton,2400000,239,173,0,3,12,12,6,11,0,456,439,96.3,2022
Princeton (non-op),2410000,0,413,28,0,0,6,23,23,0,493,447,90.7,2022
Provincetown,2420000,70,0,10,0,0,21,0,0,0,101,101,100.0,2022
Quincy,2430000,9233,0,0,66,56,52,77,776,1,10261,9407,91.7,2022
Randolph,2440000,2522,0,285,29,432,120,22,514,0,3924,3388,86.3,2022
Raynham (non-op),2450000,0,2200,202,5,12,293,31,77,0,2820,2712,96.2,2022
Reading,2460000,9,0,36,0,0,0,24,293,0,362,45,12.4,2022
Rehoboth (non-op),2470000,0,1444,70,1,0,39,41,71,161,1827,1554,85.10000000000001,2022
Revere,2480000,7074,0,256,124,527,40,22,398,0,8441,8021,95.0,2022
Richmond,2490000,68,0,0,0,1,45,2,7,0,123,114,92.7,2022
Rochester,2500000,484,330,105,0,0,1,15,29,3,967,920,95.10000000000001,2022
Rockland,2510000,2106,0,152,27,104,85,47,158,0,2679,2474,92.4,2022
Rockport,2520000,540,0,15,7,0,35,13,48,0,658,597,90.7,2022
Rowe,2530000,18,0,7,0,0,15,0,0,0,40,40,100.0,2022
Rowley (non-op),2540000,0,635,33,0,0,11,16,70,0,765,679,88.8,2022
Royalston (non-op),2550000,0,96,8,1,0,24,8,5,5,147,129,87.8,2022
Russell (non-op),2560000,0,161,0,0,0,45,23,10,0,239,206,86.2,2022
Rutland (non-op),2570000,0,1513,62,2,6,19,33,49,0,1684,1602,95.10000000000001,2022
Salem,2580000,3647,0,187,11,445,93,77,353,0,4813,4383,91.10000000000001,2022
Salisbury (non-op),2590000,0,762,43,0,21,18,9,31,1,885,844,95.4,2022
Sandisfield (non-op),2600000,0,67,1,0,0,0,6,0,0,74,68,91.9,2022
Sandwich,2610000,2210,0,141,20,191,73,94,254,0,2983,2635,88.3,2022
Saugus,2620000,2544,0,177,37,132,12,38,377,0,3317,2902,87.5,2022
Savoy,2630000,26,0,7,0,2,11,3,0,0,49,46,93.9,2022
Scituate,2640000,2714,0,31,16,14,1,34,267,0,3077,2776,90.2,2022
Seekonk,2650000,2019,0,76,13,5,36,41,46,162,2398,2149,89.60000000000001,2022
Sharon,2660000,3476,0,26,7,24,1,62,261,7,3864,3534,91.5,2022
Sheffield (non-op),2670000,0,304,0,0,0,34,14,38,0,390,338,86.7,2022
Shelburne (non-op),2680000,0,120,11,0,7,16,10,26,0,190,154,81.10000000000001,2022
Sherborn,2690000,408,511,2,1,0,0,8,65,0,995,922,92.7,2022
Shirley,2700000,0,5,48,8,23,50,34,46,3,217,134,61.800000000000004,2022
Shrewsbury,2710000,5720,0,97,14,29,80,33,553,0,6526,5940,91.0,2022
Shutesbury,2720000,79,104,1,0,7,16,8,8,0,223,207,92.8,2022
Somerset,2730000,1586,679,147,29,16,75,53,58,10,2653,2532,95.4,2022
Somerville,2740000,4538,0,0,10,363,32,46,516,0,5505,4943,89.8,2022
South Hadley,2780000,1541,0,0,0,123,89,51,73,3,1880,1753,93.2,2022
Southampton,2750000,394,306,0,0,20,31,19,33,0,803,751,93.5,2022
Southborough,2760000,1146,480,22,2,5,22,18,237,0,1932,1677,86.8,2022
Southbridge,2770000,1733,0,187,14,140,217,52,116,0,2459,2291,93.2,2022
Southwick (non-op),2790000,0,1032,0,0,2,53,51,39,7,1184,1087,91.8,2022
Spencer (non-op),2800000,0,1047,128,14,56,108,53,30,0,1436,1353,94.2,2022
Springfield,2810000,22367,0,0,4,4475,671,154,984,26,28681,27517,95.9,2022
Sterling (non-op),2820000,0,912,61,1,16,17,65,74,0,1146,1007,87.9,2022
Stockbridge (non-op),2830000,0,111,0,0,0,12,4,20,0,147,123,83.7,2022
Stoneham,2840000,2139,0,90,8,152,28,31,283,0,2731,2417,88.5,2022
Stoughton,2850000,3346,0,101,16,161,55,44,198,0,3921,3679,93.8,2022
Stow (non-op),2860000,0,1084,55,0,15,24,28,48,0,1254,1178,93.9,2022
Sturbridge,2870000,789,603,154,6,18,30,68,45,0,1713,1600,93.4,2022
Sudbury,2880000,2382,1210,11,8,4,7,22,160,0,3804,3622,95.2,2022
Sunderland,2890000,166,112,6,0,8,28,12,22,0,354,320,90.4,2022
Sutton,2900000,1196,0,115,3,0,32,58,88,8,1500,1346,89.7,2022
Swampscott,2910000,1830,0,36,11,72,21,15,298,7,2290,1970,86.0,2022
Swansea,2920000,2014,0,148,8,16,36,25,71,51,2369,2222,93.8,2022
Taunton,2930000,7439,0,567,92,99,342,115,112,0,8766,8539,97.4,2022
Templeton (non-op),2940000,0,958,84,7,10,101,69,31,2,1262,1160,91.9,2022
Tewksbury,2950000,3027,0,359,29,62,36,25,289,6,3833,3513,91.7,2022
Tisbury,2960000,264,192,0,0,38,48,7,36,4,589,542,92.0,2022
Tolland (non-op),2970000,0,25,0,0,0,9,7,1,0,42,34,81.0,2022
Topsfield,2980000,579,472,27,2,0,9,23,126,2,1240,1089,87.8,2022
Townsend (non-op),2990000,0,1154,91,16,30,24,54,25,3,1397,1315,94.10000000000001,2022
Truro,3000000,68,0,9,0,1,114,0,1,1,194,192,99.0,2022
Tyngsborough,3010000,1513,0,91,10,83,39,23,100,48,1907,1736,91.0,2022
Tyringham (non-op),3020000,0,0,0,0,0,31,0,4,0,35,31,88.60000000000001,2022
Upton (non-op),3030000,0,1118,86,3,9,35,24,65,6,1346,1251,92.9,2022
Uxbridge,3040000,1458,0,123,6,0,155,78,113,9,1942,1742,89.7,2022
Wakefield,3050000,3221,0,122,4,76,16,28,12,7,3486,3439,98.7,2022
Wales,3060000,99,85,45,1,9,13,23,1,0,276,252,91.3,2022
Walpole,3070000,3581,0,82,8,34,46,31,451,7,4240,3751,88.5,2022
Waltham,3080000,5243,0,0,0,16,111,66,668,3,6107,5370,87.9,2022
Ware,3090000,1039,0,111,0,0,171,56,20,0,1397,1321,94.60000000000001,2022
Wareham,3100000,1834,0,224,25,98,219,73,131,4,2608,2400,92.0,2022
Warwick (non-op),3120000,0,16,7,0,1,8,13,1,0,46,32,69.60000000000001,2022
Washington (non-op),3130000,0,53,4,0,0,2,2,4,0,65,59,90.8,2022
Watertown,3140000,2465,0,35,5,12,27,50,457,0,3051,2544,83.4,2022
Wayland,3150000,2508,0,0,1,0,9,10,192,3,2723,2518,92.5,2022
Webster,3160000,1631,0,128,14,33,170,53,180,21,2230,1976,88.60000000000001,2022
Wellesley,3170000,3982,0,1,5,1,3,26,1290,5,5313,3992,75.10000000000001,2022
Wellfleet,3180000,113,143,13,4,4,33,3,0,0,313,310,99.0,2022
Wendell (non-op),3190000,0,88,6,1,9,8,11,5,0,128,112,87.5,2022
Wenham (non-op),3200000,0,538,8,0,0,8,14,160,0,728,554,76.10000000000001,2022
West Boylston,3220000,739,0,0,4,3,77,19,39,0,881,823,93.4,2022
West Bridgewater,3230000,1351,0,60,6,7,25,25,17,0,1491,1449,97.2,2022
West Newbury (non-op),3290000,0,492,14,5,20,15,20,75,2,643,546,84.9,2022
West Springfield,3320000,3732,0,0,0,77,57,110,189,0,4165,3866,92.8,2022
West Stockbridge (non-op),3330000,0,101,0,0,0,18,5,19,7,150,119,79.3,2022
West Tisbury (non-op),3340000,0,338,0,0,32,12,17,6,1,406,382,94.10000000000001,2022
Westborough,3210000,3690,0,44,2,11,21,36,146,3,3953,3768,95.3,2022
Westfield,3250000,4554,0,0,0,16,173,200,411,4,5358,4743,88.5,2022
Westford,3260000,4543,0,74,13,7,32,49,129,6,4853,4669,96.2,2022
Westhampton,3270000,73,80,0,0,4,11,0,16,0,184,168,91.3,2022
Westminster (non-op),3280000,0,1161,71,3,9,38,42,25,1,1350,1282,95.0,2022
Weston,3300000,1699,0,2,8,0,15,8,477,19,2228,1724,77.4,2022
Westport,3310000,1380,0,138,6,37,100,57,235,44,1997,1661,83.2,2022
Westwood,3350000,2826,0,5,6,0,20,18,303,0,3178,2857,89.9,2022
Weymouth,3360000,5267,0,1,60,291,99,40,665,0,6423,5718,89.0,2022
Whately,3370000,69,55,12,0,4,8,2,13,0,163,148,90.8,2022
Whitman (non-op),3380000,0,2096,115,13,39,32,45,67,1,2408,2295,95.3,2022
Wilbraham (non-op),3390000,0,2123,2,6,4,24,53,62,0,2274,2159,94.9,2022
Williamsburg,3400000,118,74,0,0,16,35,5,33,0,281,243,86.5,2022
Williamstown,3410000,0,665,19,0,8,11,19,45,10,777,703,90.5,2022
Wilmington,3420000,2788,0,319,21,6,14,33,296,1,3478,3148,90.5,2022
Winchendon,3430000,1129,0,107,17,15,109,74,0,0,1451,1377,94.9,2022
Winchester,3440000,4420,0,14,8,2,7,19,22,6,4498,4451,99.0,2022
Windsor (non-op),3450000,0,52,0,0,0,8,10,0,0,70,60,85.7,2022
Winthrop,3460000,1836,0,68,6,25,0,23,8,1,1967,1935,98.4,2022
Woburn,3470000,4213,0,139,36,41,45,61,308,0,4843,4474,92.4,2022
Worcester,3480000,22825,0,6,351,1970,452,318,1310,0,27232,25604,94.0,2022
Worthington (non-op),3490000,64,0,0,0,0,32,14,2,0,112,96,85.7,2022
Wrentham,3500000,839,771,68,7,59,16,33,150,31,1974,1760,89.2,2022
Yarmouth (non-op),3510000,0,1882,159,18,109,253,67,164,0,2652,2421,91.3,2022
State,0,687210,87541,29723,3879,43989,23050,13090,67579,1713,957774,875392,91.4,2022
